Time [s],ArrivalIndex [-]
0.0, 0
673,1
751,2
788,3
858,4
859,5
861,6
863,7
864,8
864,9
866,10
866,11
868,12
898,13
900,14
1006,15
1013,16
1015,17
1016,18
1016,19
1017,20
1018,21
1018,22
1019,23
1020,24
1021,25
1022,26
1048,27
1051,28
1055,29
1055,30
1056,31
1060,32
1062,33
1063,34
1065,35
1068,36
1070,37
1072,38
1121,39
1126,40
1147,41
1148,42
1148,43
1149,44
1150,45
1150,46
1151,47
1153,48
1155,49
1157,50
1182,51
1183,52
1190,53
1190,54
1191,55
1191,56
1192,57
1193,58
1226,59
1226,60
1227,61
1230,62
1231,63
1232,64
1232,65
1233,66
1235,67
1236,68
1236,69
1237,70
1238,71
1238,72
1240,73
1240,74
1241,75
1243,76
1244,77
1246,78
1247,79
1251,80
1265,81
1267,82
1268,83
1279,84
1280,85
1280,86
1282,87
1282,88
1284,89
1286,90
1286,91
1288,92
1289,93
1290,94
1291,95
1291,96
1293,97
1326,98
1327,99
1328,100
1331,101
1333,102
1333,103
1333,104
1335,105
1337,106
1338,107
1340,108
1340,109
1350,110
1369,111
1370,112
1371,113
1373,114
1375,115
1376,116
1377,117
1378,118
1380,119
1382,120
1411,121
1444,122
1446,123
1446,124
1448,125
1448,126
1450,127
1451,128
1454,129
1456,130
1457,131
1458,132
1462,133
1462,134
1463,135
1464,136
1465,137
1465,138
1466,139
1467,140
1468,141
1469,142
1502,143
1503,144
1504,145
1505,146
1508,147
1508,148
1515,149
1540,150
1542,151
1543,152
1545,153
1545,154
1545,155
1546,156
1547,157
1547,158
1548,159
1549,160
1549,161
1549,162
1551,163
1552,164
1552,165
1553,166
1554,167
1555,168
1555,169
1557,170
1557,171
1558,172
1559,173
1560,174
1560,175
1561,176
1562,177
1563,178
1563,179
1564,180
1566,181
1566,182
1568,183
1569,184
1573,185
1604,186
1604,187
1606,188
1609,189
1611,190
1612,191
1613,192
1614,193
1615,194
1616,195
1616,196
1618,197
1620,198
1620,199
1621,200
1623,201
1625,202
1628,203
1631,204
1632,205
1634,206
1668,207
1669,208
1670,209
1670,210
1671,211
1673,212
1685,213
1701,214
1702,215
1704,216
1706,217
1708,218
1710,219
1711,220
1713,221
1713,222
1715,223
1745,224
1747,225
1749,226
1752,227
1753,228
1754,229
1754,230
1755,231
1757,232
1757,233
1758,234
1758,235
1759,236
1761,237
1762,238
1764,239
1764,240
1764,241
1766,242
1766,243
1767,244
1769,245
1795,246
1799,247
1801,248
1803,249
1805,250
1806,251
1807,252
1810,253
1851,254
1870,255
1874,256
1875,257
1875,258
1877,259
1879,260
1882,261
1882,262
1886,263
1887,264
1887,265
1889,266
1889,267
1891,268
1891,269
1891,270
1892,271
1892,272
1894,273
1894,274
1895,275
1895,276
1897,277
1897,278
1901,279
1903,280
1904,281
1908,282
1909,283
1942,284
1942,285
1943,286
1945,287
1945,288
1946,289
1947,290
1947,291
1949,292
1951,293
1988,294
1990,295
1991,296
1991,297
1993,298
1994,299
1995,300
1996,301
1998,302
1998,303
2000,304
2000,305
2001,306
2002,307
2003,308
2003,309
2004,310
2005,311
2006,312
2006,313
2008,314
2039,315
2043,316
2044,317
2045,318
2046,319
2048,320
2048,321
2049,322
2051,323
2053,324
2053,325
2054,326
2055,327
2056,328
2057,329
2058,330
2059,331
2059,332
2060,333
2061,334
2062,335
2062,336
2064,337
2064,338
2066,339
2066,340
2067,341
2099,342
2101,343
2131,344
2137,345
2139,346
2139,347
2145,348
2172,349
2211,350
2211,351
2213,352
2214,353
2214,354
2216,355
2219,356
2220,357
2221,358
2222,359
2223,360
2223,361
2223,362
2225,363
2226,364
2226,365
2227,366
2228,367
2228,368
2230,369
2230,370
2231,371
2232,372
2233,373
2233,374
2234,375
2235,376
2238,377
2239,378
2240,379
2241,380
2241,381
2243,382
2272,383
2273,384
2277,385
2278,386
2278,387
2279,388
2280,389
2281,390
2283,391
2284,392
2285,393
2285,394
2287,395
2287,396
2288,397
2289,398
2290,399
2290,400
2292,401
2292,402
2293,403
2293,404
2295,405
2326,406
2329,407
2331,408
2332,409
2334,410
2367,411
2368,412
2370,413
2371,414
2373,415
2374,416
2375,417
2375,418
2376,419
2377,420
2377,421
2377,422
2379,423
2380,424
2381,425
2382,426
2382,427
2384,428
2385,429
2386,430
2387,431
2388,432
2389,433
2419,434
2422,435
2423,436
2425,437
2426,438
2427,439
2428,440
2429,441
2430,442
2431,443
2432,444
2467,445
2469,446
2470,447
2470,448
2471,449
2472,450
2474,451
2475,452
2476,453
2477,454
2478,455
2479,456
2479,457
2480,458
2481,459
2482,460
2484,461
2484,462
2485,463
2487,464
2516,465
2518,466
2520,467
2520,468
2524,469
2556,470
2556,471
2557,472
2559,473
2561,474
2561,475
2562,476
2563,477
2564,478
2565,479
2565,480
2566,481
2567,482
2568,483
2568,484
2569,485
2571,486
2571,487
2573,488
2573,489
2574,490
2575,491
2576,492
2582,493
2609,494
2610,495
2611,496
2613,497
2613,498
2615,499
2617,500
2618,501
2619,502
2620,503
2620,504
2622,505
2623,506
2623,507
2624,508
2626,509
2628,510
2628,511
2629,512
2630,513
2662,514
2665,515
2666,516
2666,517
2668,518
2669,519
2670,520
2671,521
2672,522
2673,523
2673,524
2693,525
2705,526
2709,527
2710,528
2711,529
2713,530
2715,531
2717,532
2720,533
2720,534
2720,535
2722,536
2723,537
2723,538
2724,539
2728,540
2729,541
2733,542
2734,543
2737,544
2739,545
2739,546
2741,547
2741,548
2743,549
2745,550
2781,551
2781,552
2782,553
2785,554
2786,555
2814,556
2816,557
2819,558
2821,559
2822,560
2823,561
2824,562
2825,563
2825,564
2826,565
2827,566
2828,567
2828,568
2830,569
2831,570
2833,571
2833,572
2833,573
2836,574
2839,575
2870,576
2871,577
2872,578
2874,579
2878,580
2880,581
2904,582
2907,583
2908,584
2912,585
2913,586
2914,587
2914,588
2916,589
2916,590
2917,591
2918,592
2919,593
2920,594
2921,595
2923,596
2937,597
2938,598
2950,599
2992,600
2992,601
2993,602
2995,603
2997,604
2999,605
3000,606
3002,607
3003,608
3004,609
3004,610
3005,611
3005,612
3007,613
3007,614
3008,615
3009,616
3010,617
3010,618
3011,619
3012,620
3013,621
3014,622
3019,623
3019,624
3019,625
3023,626
3053,627
3056,628
3058,629
3059,630
3059,631
3059,632
3060,633
3061,634
3062,635
3064,636
3101,637
3129,638
3129,639
3130,640
3132,641
3134,642
3134,643
3135,644
3137,645
3138,646
3139,647
3140,648
3144,649
3145,650
3146,651
3147,652
3149,653
3151,654
3152,655
3153,656
3153,657
3153,658
3155,659
3157,660
3187,661
3189,662
3189,663
3195,664
3196,665
3196,666
3197,667
3198,668
3199,669
3200,670
3201,671
3201,672
3202,673
3203,674
3204,675
3206,676
3207,677
3208,678
3208,679
3210,680
3212,681
3214,682
3215,683
3248,684
3249,685
3251,686
3252,687
3256,688
3256,689
3257,690
3259,691
3259,692
3260,693
3327,694
3328,695
3329,696
3330,697
3331,698
3332,699
3333,700
3334,701
3335,702
3337,703
3338,704
3340,705
3341,706
3342,707
3344,708
3345,709
3346,710
3348,711
3348,712
3348,713
3350,714
3350,715
3351,716
3352,717
3355,718
3356,719
3357,720
3358,721
3361,722
3364,723
3365,724
3394,725
3395,726
3399,727
3400,728
3402,729
3402,730
3403,731
3404,732
3404,733
3406,734
3406,735
3408,736
3409,737
3411,738
3411,739
3411,740
3413,741
3414,742
3415,743
3448,744
3449,745
3451,746
3451,747
3453,748
3457,749
3458,750
3460,751
3484,752
3487,753
3487,754
3489,755
3491,756
3492,757
3493,758
3493,759
3494,760
3495,761
3497,762
3498,763
3498,764
3499,765
3500,766
3502,767
3504,768
3505,769
3505,770
3507,771
3539,772
3540,773
3541,774
3542,775
3548,776
3549,777
3573,778
3575,779
3577,780
3578,781
3580,782
3581,783
3583,784
3583,785
3584,786
3586,787
3586,788
3588,789
3588,790
3589,791
3591,792
3591,793
3593,794
3593,795
3594,796
3595,797
3595,798
3597,799
3599,800
3599,801
3600,802
3601,803
3602,804
3602,805
3635,806
3636,807
3640,808
3640,809
3642,810
3643,811
3675,812
3676,813
3678,814
3680,815
3681,816
3682,817
3683,818
3683,819
3685,820
3687,821
3688,822
3688,823
3688,824
3689,825
3690,826
3690,827
3692,828
3693,829
3726,830
3727,831
3730,832
3731,833
3733,834
3733,835
3735,836
3794,837
3796,838
3797,839
3800,840
3803,841
3805,842
3839,843
3840,844
3843,845
3843,846
3845,847
3846,848
3847,849
3848,850
3849,851
3849,852
3849,853
3850,854
3851,855
3852,856
3852,857
3853,858
3854,859
3856,860
3857,861
3859,862
3859,863
3860,864
3862,865
3895,866
3896,867
3897,868
3899,869
3900,870
3902,871
3902,872
3903,873
3904,874
3905,875
3906,876
3906,877
3908,878
3908,879
3908,880
3913,881
3913,882
3915,883
3915,884
3916,885
3917,886
3947,887
3948,888
3949,889
3951,890
3952,891
3956,892
3957,893
3957,894
3958,895
3959,896
3960,897
3960,898
3991,899
4025,900
4029,901
4032,902
4033,903
4059,904
4062,905
4114,906
4173,907
4206,908
4207,909
4315,910
4318,911
4421,912
4424,913
4427,914
4428,915
4494,916
4502,917
4504,918
4532,919
4537,920
4565,921
4569,922
4570,923
4571,924
4606,925
4679,926
4784,927
4786,928
4820,929
4893,930
5107,931
5115,932
5116,933
5145,934
5146,935
5150,936
5178,937
5220,938
5253,939
5256,940
5289,941
5364,942
5397,943
5438,944
5439,945
5474,946
5474,947
5476,948
5503,949
5506,950
5576,951
5583,952
5616,953
5616,954
5721,955
5757,956
5760,957
5762,958
5766,959
5793,960
5832,961
5863,962
5877,963
5900,964
5902,965
5907,966
5911,967
5912,968
6014,969
6015,970
6018,971
6018,972
6027,973
6055,974
6236,975
6237,976
6240,977
6243,978
6286,979
6307,980
6402,981
6438,982
6448,983
6489,984
6491,985
6492,986
6558,987
6565,988
6601,989
6601,990
6672,991
6714,992
6717,993
6746,994
6749,995
6749,996
7009,997
7109,998
7114,999
7120,1000
