OriginLat,OriginLon,AccessLat,AccessLon,People
39.4252428625833,-105.074734186697,39.4262542724609,-105.074996948242,1
39.4252797806,-105.074294595587,39.4262542724609,-105.074996948242,5
39.4252478923932,-105.074322148162,39.4262542724609,-105.074996948242,2
39.4255869065006,-105.07366121971,39.4254493713379,-105.073631286621,4
39.4269458805641,-105.076228203884,39.4266014099121,-105.075950622559,3
39.426157233358,-105.07560380458,39.4266014099121,-105.075950622559,1
39.4269118721459,-105.075232642022,39.426342010498,-105.074745178223,1
39.42662930263,-105.074340320624,39.426342010498,-105.074745178223,3
39.4262668237543,-105.073485030607,39.4267578125,-105.074012756348,2
39.4264253949418,-105.07226838581,39.4264183044434,-105.072463989258,1
39.4264488122111,-105.072882010155,39.4264183044434,-105.072463989258,2
39.4263330099003,-105.072352920875,39.4264183044434,-105.072463989258,3
39.4270866777799,-105.076166907463,39.427547454834,-105.075866699219,1
39.4277857993704,-105.07559014124,39.427547454834,-105.075866699219,1
39.4273954016833,-105.075437627219,39.4272842407227,-105.07536315918,1
39.4273953051221,-105.074561945269,39.4272842407227,-105.07536315918,1
39.4277110630446,-105.073449841474,39.4274520874023,-105.073791503906,2
39.4286615316308,-105.076380862653,39.4283218383789,-105.076011657715,2
39.4286818836566,-105.075150572061,39.4283752441406,-105.074851989746,2
39.4285961303371,-105.073839180881,39.4283676147461,-105.073638916016,2
39.4285297583032,-105.074200463286,39.4283676147461,-105.073638916016,4
39.4292567725677,-105.076739601002,39.429386138916,-105.076805114746,1
39.4288322519772,-105.076949663346,39.429386138916,-105.076805114746,1
39.4290468503388,-105.077103914345,39.429386138916,-105.076805114746,1
39.4291281986656,-105.076824320292,39.429386138916,-105.076805114746,2
39.4291121410985,-105.077067804088,39.429386138916,-105.076805114746,1
39.4294537604237,-105.07668640828,39.429386138916,-105.076805114746,1
39.4292666689825,-105.077241975491,39.429386138916,-105.076805114746,1
39.4296030869607,-105.075046140716,39.4295845031738,-105.075340270996,1
39.4291314545617,-105.074965669563,39.4295845031738,-105.075340270996,2
39.4292732942605,-105.074601702738,39.4295845031738,-105.075340270996,1
39.4289401881918,-105.073339593889,39.4292602539063,-105.073738098145,5
39.4292375556979,-105.074262860669,39.4292602539063,-105.073738098145,1
39.4302693487633,-105.077516825754,39.4301223754883,-105.076950073242,4
39.4304290339536,-105.074820153891,39.4302215576172,-105.07502746582,2
39.4298077120759,-105.073507012575,39.4299964904785,-105.073844909668,2
39.4312584624136,-105.076015777321,39.4308471679688,-105.075836181641,2
39.4309852747877,-105.076103448594,39.4308471679688,-105.075836181641,1
39.4311353399996,-105.076548285726,39.4308471679688,-105.075836181641,1
39.4314571385688,-105.074630053621,39.4307556152344,-105.075256347656,1
39.4307546590869,-105.074388627002,39.4307556152344,-105.075256347656,5
39.4316250299384,-105.075824942345,39.431884765625,-105.076095581055,4
39.4330357710262,-105.076947299128,39.4328422546387,-105.077125549316,2
39.4339919448614,-105.077625233285,39.4336357116699,-105.077407836914,4
39.4343099596407,-105.078048627964,39.435230255127,-105.078330993652,4
39.4349678273365,-105.07694282729,39.434627532959,-105.07723236084,2
39.4342145377429,-105.076943934832,39.434627532959,-105.07723236084,2
39.4348139964225,-105.077713549345,39.434627532959,-105.07723236084,2
39.4359399239399,-105.080226399934,39.4356384277344,-105.079978942871,2
39.4352418496677,-105.079769851368,39.4358253479004,-105.079887390137,1
39.4351426889847,-105.078935122156,39.4358253479004,-105.079887390137,1
39.4353502163577,-105.07791527771,39.4354858398438,-105.078460693359,2
39.4358483306848,-105.076969765783,39.4355010986328,-105.077293395996,3
39.4368313655967,-105.07974306201,39.4361381530762,-105.079360961914,2
39.4360408772716,-105.07830768095,39.4363098144531,-105.078216552734,2
39.436866847884,-105.077036878444,39.4362449645996,-105.077613830566,3
39.4372936739255,-105.080438758509,39.4375228881836,-105.080764770508,2
39.4377573460867,-105.081194845658,39.4375228881836,-105.080764770508,1
39.4376402312372,-105.080170691666,39.4375228881836,-105.080764770508,1
39.437043388425,-105.078012592275,39.4373092651367,-105.078399658203,3
39.4370053925941,-105.077918306453,39.4373092651367,-105.078399658203,1
39.4384114294853,-105.081104160993,39.4380187988281,-105.080436706543,3
39.438561177208,-105.081169554222,39.4380187988281,-105.080436706543,1
39.4378136583012,-105.079278188237,39.438362121582,-105.07999420166,5
39.4382927794662,-105.080045118331,39.438362121582,-105.07999420166,1
39.4382250701035,-105.078182607653,39.4381828308105,-105.078666687012,4
39.4388947166183,-105.083199990204,39.4393348693848,-105.082313537598,4
39.4390007740925,-105.081439311986,39.4392242431641,-105.081832885742,2
39.4391296532864,-105.080681759812,39.4393310546875,-105.08048248291,2
39.4390680575642,-105.078995951435,39.4391670227051,-105.079238891602,1
39.4395332202812,-105.078949360102,39.4391670227051,-105.079238891602,3
39.4393880816897,-105.078425398413,39.4388465881348,-105.079063415527,1
39.4395246091962,-105.077824375923,39.4388465881348,-105.079063415527,1
39.4400599476913,-105.081339637589,39.4400444030762,-105.081977844238,3
39.4404315856948,-105.080833661944,39.4397659301758,-105.080474853516,1
39.4399538613424,-105.080500190905,39.4397659301758,-105.080474853516,3
39.4398225819294,-105.079804632574,39.4400024414063,-105.079528808594,2
39.4409348989997,-105.081959828232,39.4408645629883,-105.081970214844,2
39.4404854872511,-105.082149799106,39.4408645629883,-105.081970214844,2
39.4405351442601,-105.08026409584,39.44091796875,-105.080696105957,4
39.4406868690857,-105.079287873198,39.4408531188965,-105.079780578613,4
39.4421077717876,-105.081958532079,39.4421119689941,-105.081573486328,2
39.4418646205334,-105.080118628418,39.4418563842773,-105.080604553223,4
39.4418542719951,-105.079284234758,39.44140625,-105.080017089844,1
39.4417170614093,-105.079296047078,39.44140625,-105.080017089844,1
39.4426180475821,-105.082583067358,39.4425315856934,-105.082992553711,2
39.4427654726901,-105.08231858632,39.442554473877,-105.082023620605,1
39.4428392630365,-105.081747331489,39.442554473877,-105.082023620605,4
39.4423761480546,-105.082296503467,39.442554473877,-105.082023620605,3
39.4424766516992,-105.080612195206,39.4427070617676,-105.080657958984,2
39.4432420565478,-105.084706462304,39.4441337585449,-105.083801269531,3
39.4433650339278,-105.082014319301,39.4436378479004,-105.081733703613,2
39.4433683941661,-105.080641914616,39.4435844421387,-105.080543518066,2
39.4439367022926,-105.080470243407,39.4435844421387,-105.080543518066,1
39.4434273202535,-105.080895164521,39.4435844421387,-105.080543518066,1
39.4441990624483,-105.083813985192,39.4441337585449,-105.083801269531,2
39.4443862137147,-105.082615734365,39.4444694519043,-105.082641601563,2
39.4442389614021,-105.081527794725,39.4444351196289,-105.081390380859,2
39.4446614539812,-105.081110464113,39.4440650939941,-105.080368041992,2
39.4443126214702,-105.080907544867,39.4440650939941,-105.080368041992,3
39.4453306440028,-105.084562571758,39.4454154968262,-105.083915710449,4
39.4454824091903,-105.082517202601,39.4453010559082,-105.082893371582,2
39.4452529101556,-105.082788238972,39.4453010559082,-105.082893371582,2
39.4452728948995,-105.081615321251,39.4453887939453,-105.082260131836,1
39.4453099242438,-105.081842672216,39.4453887939453,-105.082260131836,1
39.4461213368327,-105.084679464596,39.4465789794922,-105.084434509277,1
39.4463738930036,-105.083611881798,39.4465789794922,-105.084434509277,2
39.4466314104747,-105.083898555347,39.4465789794922,-105.084434509277,2
39.446086262337,-105.08383572372,39.4465789794922,-105.084434509277,1
39.4465815207095,-105.08283868806,39.4463844299316,-105.082679748535,4
39.4465863440545,-105.081539120165,39.4462203979492,-105.08235168457,1
39.4460694109916,-105.082312938952,39.4462203979492,-105.08235168457,4
39.4463436216737,-105.081770353011,39.4462203979492,-105.08235168457,1
39.4471277014392,-105.083778932035,39.4470596313477,-105.083969116211,2
39.4469829309382,-105.083942188117,39.4470596313477,-105.083969116211,1
39.447469945416,-105.084424534737,39.4470596313477,-105.083969116211,1
39.4470289217961,-105.08466057278,39.4470596313477,-105.083969116211,4
39.4469644133262,-105.083099504341,39.4471778869629,-105.083053588867,4
39.4473748548562,-105.08175637605,39.4472045898438,-105.081771850586,5
39.4476218346522,-105.081896522884,39.4472045898438,-105.081771850586,1
39.4467841551069,-105.080433038768,39.4474983215332,-105.081199645996,4
39.448188624518,-105.08495448154,39.4484100341797,-105.08519744873,3
39.4479253716454,-105.085125001343,39.4484100341797,-105.08519744873,1
39.4482324298999,-105.08482697823,39.4484100341797,-105.08519744873,2
39.4478112731882,-105.08468487949,39.4481315612793,-105.084312438965,4
39.4483257004184,-105.084572574727,39.4481315612793,-105.084312438965,2
39.4481520742861,-105.083480812423,39.4480171203613,-105.083213806152,2
39.4478712218132,-105.082993425938,39.4480171203613,-105.083213806152,1
39.4482066777716,-105.08333005073,39.4480171203613,-105.083213806152,3
39.4477253926878,-105.082684974384,39.4480171203613,-105.083213806152,3
39.4477404620051,-105.081779202382,39.4479293823242,-105.082229614258,2
39.4477098186855,-105.08090159923,39.4478340148926,-105.080581665039,3
39.4483393808968,-105.080895546129,39.4478340148926,-105.080581665039,3
39.4481839367681,-105.07932468965,39.4480514526367,-105.079490661621,4
39.4477715320887,-105.079515781225,39.4480514526367,-105.079490661621,4
39.4481234803465,-105.078749862174,39.4482307434082,-105.078842163086,4
39.4492638620435,-105.085218613867,39.4491424560547,-105.084808349609,1
39.4487720707896,-105.085432224732,39.4491424560547,-105.084808349609,3
39.4489685953227,-105.08401700313,39.4489555358887,-105.084228515625,3
39.4492558279602,-105.084717842573,39.4489555358887,-105.084228515625,3
39.4492529659024,-105.082906285408,39.4488792419434,-105.083206176758,3
39.449032824197,-105.083136461154,39.4488792419434,-105.083206176758,1
39.4486549795413,-105.083423099613,39.4488792419434,-105.083206176758,2
39.4492927366399,-105.07879462661,39.4486885070801,-105.078239440918,4
39.44979133891,-105.084907574393,39.4498596191406,-105.085380554199,5
39.4498191971807,-105.085216398783,39.4498596191406,-105.085380554199,4
39.4495308355968,-105.08492293962,39.4498596191406,-105.085380554199,1
39.4503084915945,-105.084238836124,39.4499053955078,-105.084136962891,4
39.4511004759133,-105.089225160346,39.45068359375,-105.08821105957,3
39.4504247231528,-105.089259426161,39.45068359375,-105.08821105957,3
39.4504104605211,-105.087088909139,39.4509239196777,-105.087692260742,4
39.4510694242499,-105.087432852481,39.4509239196777,-105.087692260742,3
39.4509645536573,-105.088197433709,39.4509239196777,-105.087692260742,2
39.4507415384318,-105.08659038473,39.4505348205566,-105.086013793945,4
39.4510101625454,-105.086268163468,39.4505348205566,-105.086013793945,1
39.4510143793169,-105.086110762006,39.4505348205566,-105.086013793945,1
39.4503648207572,-105.085603154655,39.4506568908691,-105.085571289063,5
39.4504948372732,-105.085840960379,39.4506568908691,-105.085571289063,1
39.450401793202,-105.083725712995,39.4505958557129,-105.084571838379,4
39.4505490426441,-105.084649723254,39.4505958557129,-105.084571838379,5
39.4503541686522,-105.083929057713,39.4505958557129,-105.084571838379,1
39.450341426768,-105.05735829084,39.4512901306152,-105.057373046875,1
39.4509052275111,-105.057338925303,39.4512901306152,-105.057373046875,1
39.4506659478103,-105.057952424638,39.4512901306152,-105.057373046875,2
39.4514757874135,-105.088130611641,39.4517822265625,-105.087409973145,5
39.4514889456839,-105.087088779743,39.4517822265625,-105.087409973145,4
39.4520382072705,-105.087351388926,39.4517822265625,-105.087409973145,1
39.4519894627703,-105.086478936394,39.4516944885254,-105.086441040039,2
39.4517238940594,-105.086311447527,39.4516944885254,-105.086441040039,4
39.4520899017376,-105.084803899685,39.4516525268555,-105.085388183594,1
39.4517080059669,-105.08517838487,39.4516525268555,-105.085388183594,2
39.4521317199356,-105.08542003519,39.4516525268555,-105.085388183594,1
39.4515795530944,-105.085461200663,39.4516525268555,-105.085388183594,2
39.4515099582683,-105.084520294357,39.4515724182129,-105.084838867188,1
39.452033391077,-105.084077165691,39.4515724182129,-105.084838867188,2
39.4515872549898,-105.084574993774,39.4515724182129,-105.084838867188,3
39.4519321425543,-105.078205541449,39.4518013000488,-105.077865600586,3
39.4515208913125,-105.078242140779,39.4518013000488,-105.077865600586,4
39.4516973743889,-105.076848778329,39.4519004821777,-105.077743530273,1
39.4516101168115,-105.077545176637,39.4519004821777,-105.077743530273,5
39.4518806342508,-105.074927673195,39.4520111083984,-105.074523925781,4
39.4516058695937,-105.07416548031,39.4516716003418,-105.073692321777,2
39.4513524992093,-105.073964010737,39.4516716003418,-105.073692321777,2
39.4520331235107,-105.059063164292,39.451732635498,-105.058532714844,2
39.4517307966234,-105.057865689841,39.4512939453125,-105.05744934082,2
39.4520730349105,-105.056133612525,39.4515647888184,-105.056098937988,1
39.4516889917323,-105.05572926099,39.4515647888184,-105.056098937988,1
39.4517496482739,-105.054887379907,39.451961517334,-105.055778503418,1
39.451554188315,-105.055498681703,39.451961517334,-105.055778503418,3
39.4523040321871,-105.087664943946,39.45263671875,-105.087478637695,4
39.4523120117283,-105.087104356609,39.45263671875,-105.087478637695,3
39.4522173545311,-105.08734204171,39.45263671875,-105.087478637695,4
39.4526709783694,-105.087279222145,39.45263671875,-105.087478637695,1
39.4526049374794,-105.086913790295,39.4525871276855,-105.086448669434,3
39.4522959679724,-105.086216216457,39.4525871276855,-105.086448669434,3
39.4528199029036,-105.086512956576,39.4525871276855,-105.086448669434,5
39.4527170298212,-105.086947149242,39.4525871276855,-105.086448669434,1
39.4528265750512,-105.084951652373,39.4525146484375,-105.085479736328,1
39.4528491959978,-105.085849989588,39.4525146484375,-105.085479736328,3
39.4527946571167,-105.085254024508,39.4525146484375,-105.085479736328,2
39.4528744146698,-105.084995057055,39.4525146484375,-105.085479736328,4
39.4527588950588,-105.079391262796,39.4524612426758,-105.079429626465,3
39.4529517877746,-105.079357604484,39.4524612426758,-105.079429626465,1
39.4521347139645,-105.078480937808,39.4525947570801,-105.078315734863,4
39.4525583575986,-105.078392178731,39.4525947570801,-105.078315734863,1
39.4526127002253,-105.076727714115,39.4525146484375,-105.077735900879,4
39.4529109387148,-105.075575444925,39.4527740478516,-105.075729370117,1
39.4521554757226,-105.076205756967,39.4527740478516,-105.075729370117,5
39.45294204036,-105.076083545735,39.4527740478516,-105.075729370117,2
39.4524758935553,-105.075375389936,39.4524841308594,-105.07495880127,5
39.4521470592521,-105.074216885613,39.452033996582,-105.073554992676,2
39.452174035984,-105.071140600974,39.4525451660156,-105.071365356445,1
39.4525287798831,-105.071011044874,39.4525451660156,-105.071365356445,1
39.452629228233,-105.070750507124,39.4523010253906,-105.070701599121,2
39.4522359283236,-105.06500329604,39.4530410766602,-105.065528869629,3
39.4523828148755,-105.06408822507,39.453010559082,-105.06436920166,2
39.4523459078338,-105.063896311063,39.453010559082,-105.06436920166,1
39.4529890297952,-105.063931585729,39.453010559082,-105.06436920166,1
39.4525695038523,-105.062750165155,39.4529762268066,-105.063171386719,3
39.4523503683812,-105.063313660612,39.4529762268066,-105.063171386719,1
39.4526482320501,-105.061784335863,39.4528541564941,-105.061973571777,2
39.4524606762394,-105.0603984082,39.4526329040527,-105.060882568359,3
39.4527802730428,-105.060369528767,39.4526329040527,-105.060882568359,3
39.4522067331916,-105.05964173548,39.4525756835938,-105.059600830078,4
39.4525027990351,-105.054727507859,39.4526290893555,-105.055236816406,1
39.4529336951088,-105.055300030332,39.4526290893555,-105.055236816406,1
39.4537250941257,-105.088002663121,39.4535903930664,-105.087127685547,2
39.4537028290813,-105.087696966167,39.4535903930664,-105.087127685547,4
39.4530855961347,-105.088048620633,39.4535903930664,-105.087127685547,2
39.453820501149,-105.087701550952,39.4535903930664,-105.087127685547,4
39.4530580135071,-105.085926706065,39.4535064697266,-105.086502075195,4
39.4531918453711,-105.086865941189,39.4535064697266,-105.086502075195,3
39.4532275191483,-105.086015155907,39.4535064697266,-105.086502075195,2
39.4539121994694,-105.086599269191,39.4535064697266,-105.086502075195,1
39.4537870968518,-105.086258681373,39.4535064697266,-105.086502075195,2
39.4536357155426,-105.086896481935,39.4535064697266,-105.086502075195,2
39.4539084773497,-105.085122413423,39.4533653259277,-105.085388183594,1
39.4535234519509,-105.084835016134,39.4533653259277,-105.085388183594,1
39.453096071705,-105.084971371007,39.4533653259277,-105.085388183594,3
39.4537313157378,-105.085839350605,39.4533653259277,-105.085388183594,1
39.4534856310658,-105.085548738154,39.4533653259277,-105.085388183594,2
39.4536614419552,-105.078895154144,39.4535484313965,-105.078201293945,5
39.4539205242823,-105.077885692082,39.4535484313965,-105.078201293945,1
39.453289092187,-105.077258540372,39.4537811279297,-105.07738494873,2
39.4533704545408,-105.076549239747,39.4535140991211,-105.075927734375,4
39.453102672702,-105.07635595502,39.4535140991211,-105.075927734375,1
39.4535728829057,-105.075888243307,39.4535140991211,-105.075927734375,3
39.4533392345472,-105.072793200635,39.453483581543,-105.072357177734,3
39.453295642363,-105.072224336341,39.453483581543,-105.072357177734,4
39.4533094945945,-105.071694148291,39.4534454345703,-105.071365356445,4
39.4538894941975,-105.069417204156,39.4538040161133,-105.068954467773,4
39.4536694484355,-105.067765604573,39.4535217285156,-105.067863464355,1
39.4539164702543,-105.067811849387,39.4535217285156,-105.067863464355,2
39.4532542380605,-105.065973770429,39.4530601501465,-105.065673828125,4
39.4536972475783,-105.064255707358,39.4530143737793,-105.064414978027,4
39.4537624237902,-105.063555394272,39.4529838562012,-105.063255310059,2
39.453513084824,-105.062724566678,39.4529838562012,-105.063255310059,2
39.4534329249677,-105.062112348144,39.4528884887695,-105.062149047852,2
39.4533742647473,-105.062296730865,39.4528884887695,-105.062149047852,3
39.4539226545943,-105.059473858425,39.4534759521484,-105.0595703125,2
39.4536408262801,-105.059538547652,39.4534759521484,-105.0595703125,3
39.4532594605923,-105.059409471852,39.4534759521484,-105.0595703125,2
39.4542253546732,-105.089092855128,39.4547576904297,-105.088180541992,2
39.4541275706616,-105.088436302016,39.4547576904297,-105.088180541992,4
39.4543519670172,-105.088908322176,39.4547576904297,-105.088180541992,4
39.4539959217084,-105.087685260215,39.4544258117676,-105.087425231934,2
39.4541838019039,-105.087189207488,39.4544258117676,-105.087425231934,4
39.4542858159571,-105.087328444164,39.4544258117676,-105.087425231934,2
39.4543732903231,-105.087693769647,39.4544258117676,-105.087425231934,3
39.4540142477887,-105.087450765055,39.4544258117676,-105.087425231934,1
39.4540581070815,-105.085976087087,39.4541931152344,-105.086280822754,2
39.4539294756565,-105.086395979302,39.4541931152344,-105.086280822754,3
39.4543653381126,-105.086097603091,39.4541931152344,-105.086280822754,1
39.4545494715182,-105.085999702954,39.4541931152344,-105.086280822754,4
39.4542012981663,-105.085766491885,39.4545516967773,-105.085517883301,3
39.4540120260354,-105.084752963718,39.4545516967773,-105.085517883301,3
39.4540003719897,-105.085313336125,39.4545516967773,-105.085517883301,4
39.4542859514293,-105.085086127714,39.4545516967773,-105.085517883301,2
39.4542770813843,-105.078807914922,39.4542350769043,-105.07820892334,4
39.4542747343276,-105.077870995766,39.4542350769043,-105.07820892334,2
39.4544193033941,-105.076674043286,39.454532623291,-105.07731628418,4
39.4546926683659,-105.077716189901,39.454532623291,-105.07731628418,2
39.4543567153143,-105.076058346412,39.4543647766113,-105.076179504395,4
39.4546403662095,-105.074531392461,39.4545288085938,-105.075576782227,2
39.4546220301337,-105.072901728789,39.4543800354004,-105.072410583496,3
39.45422615396,-105.072530651764,39.4543800354004,-105.072410583496,1
39.4543837521524,-105.070608072831,39.4538192749023,-105.069961547852,4
39.4544573947159,-105.070119942868,39.4538192749023,-105.069961547852,1
39.4546256946398,-105.070631381657,39.4538192749023,-105.069961547852,1
39.4541808079631,-105.068471812852,39.4538383483887,-105.069152832031,2
39.4543271620704,-105.060212942061,39.4543724060059,-105.059539794922,1
39.4540005751989,-105.059519866379,39.4543724060059,-105.059539794922,1
39.4547894016815,-105.054799706441,39.4543609619141,-105.054618835449,4
39.4546698820657,-105.05491637777,39.4543609619141,-105.054618835449,1
39.4542097855115,-105.054903832937,39.4543609619141,-105.054618835449,3
39.4545184518741,-105.053800028032,39.4546356201172,-105.053848266602,2
39.4555902726433,-105.088568442746,39.4554100036621,-105.08812713623,2
39.455402281094,-105.089268891807,39.4554100036621,-105.08812713623,5
39.455151125922,-105.089010466063,39.4554100036621,-105.08812713623,1
39.455639085744,-105.088276792934,39.4554100036621,-105.08812713623,4
39.455141971499,-105.088197674956,39.4552993774414,-105.087532043457,1
39.4548411787753,-105.088111160571,39.4552993774414,-105.087532043457,1
39.4555549489114,-105.087677930699,39.4552993774414,-105.087532043457,3
39.4549108142996,-105.087143778526,39.4552993774414,-105.087532043457,1
39.4551190464885,-105.087492379028,39.4552993774414,-105.087532043457,2
39.4550583048264,-105.087242489033,39.4552993774414,-105.087532043457,3
39.4552954188414,-105.087206836049,39.4552993774414,-105.087532043457,1
39.4551312828704,-105.086782678152,39.455451965332,-105.086624145508,1
39.455502898022,-105.087008814112,39.455451965332,-105.086624145508,3
39.4548884209369,-105.086607909116,39.455451965332,-105.086624145508,1
39.4554321319154,-105.086351654592,39.455451965332,-105.086624145508,1
39.4549826206752,-105.086058698758,39.455451965332,-105.086624145508,2
39.4551642191493,-105.086331192479,39.455451965332,-105.086624145508,2
39.4556836924822,-105.085110184405,39.4555435180664,-105.084953308105,4
39.4555047573459,-105.085001393073,39.4555435180664,-105.084953308105,1
39.455108537355,-105.085353242729,39.4555435180664,-105.084953308105,3
39.4549181229606,-105.085344706979,39.4555435180664,-105.084953308105,2
39.455168967391,-105.085809368017,39.4555435180664,-105.084953308105,1
39.4554082316161,-105.084791565396,39.4555435180664,-105.084953308105,3
39.4551352250644,-105.084385235636,39.4558792114258,-105.085151672363,3
39.4551864769529,-105.084013026945,39.4558792114258,-105.085151672363,1
39.4550551991599,-105.084507534595,39.4558792114258,-105.085151672363,1
39.4552355477304,-105.084472049387,39.4558792114258,-105.085151672363,1
39.455246896761,-105.083929871373,39.4558792114258,-105.085151672363,3
39.4556015674282,-105.084112712308,39.4558792114258,-105.085151672363,1
39.4548490225546,-105.078545181826,39.4553031921387,-105.077842712402,5
39.4551114228794,-105.078405993399,39.4553031921387,-105.077842712402,1
39.4556052318827,-105.077198529139,39.4554252624512,-105.076705932617,4
39.4557145558171,-105.076263989554,39.4552268981934,-105.076332092285,4
39.455472400362,-105.076332613297,39.4552268981934,-105.076332092285,2
39.4551565176496,-105.074782953638,39.4550704956055,-105.075477600098,2
39.4553248734583,-105.074733541911,39.4550704956055,-105.075477600098,2
39.4555188834643,-105.073111631033,39.4552726745605,-105.072540283203,2
39.4555046557435,-105.063487003003,39.4557228088379,-105.06275177002,2
39.4548388351243,-105.062035833438,39.4554214477539,-105.061988830566,2
39.4553319653235,-105.060311734811,39.4551773071289,-105.059844970703,2
39.4549520008634,-105.05515626041,39.4552536010742,-105.054565429688,2
39.4553821908811,-105.053988283861,39.4548568725586,-105.054344177246,2
39.4562365176626,-105.088441402192,39.4562225341797,-105.088592529297,4
39.4560239504265,-105.089308931097,39.4562225341797,-105.088592529297,3
39.4565928393811,-105.088911391493,39.4562225341797,-105.088592529297,5
39.4557579906969,-105.087869097938,39.4561538696289,-105.087814331055,3
39.4562212131142,-105.087281989904,39.4561538696289,-105.087814331055,1
39.4558742639588,-105.087439729111,39.4561538696289,-105.087814331055,4
39.4558899106429,-105.087574064091,39.4561538696289,-105.087814331055,1
39.4564894232287,-105.087112608346,39.4561538696289,-105.087814331055,1
39.4559614789379,-105.088095607829,39.4561538696289,-105.087814331055,4
39.4559491817408,-105.086025154489,39.4561309814453,-105.086700439453,4
39.4563326629328,-105.085968334293,39.4561309814453,-105.086700439453,4
39.4562487470747,-105.086837295327,39.4561309814453,-105.086700439453,4
39.456108005411,-105.086967123378,39.4561309814453,-105.086700439453,2
39.4561834851359,-105.084758810662,39.456127166748,-105.085372924805,4
39.4561596088016,-105.085601582165,39.456127166748,-105.085372924805,1
39.4562896923906,-105.084845098056,39.456127166748,-105.085372924805,5
39.4560865641012,-105.084847734225,39.456127166748,-105.085372924805,2
39.4559243942968,-105.084590716485,39.456356048584,-105.084541320801,2
39.4565868855735,-105.084725452812,39.456356048584,-105.084541320801,4
39.4564449998886,-105.084206217366,39.456356048584,-105.084541320801,4
39.456294203486,-105.084030124762,39.456356048584,-105.084541320801,3
39.4561014927536,-105.078705227133,39.4566764831543,-105.078369140625,1
39.4563717251918,-105.078068517665,39.4566764831543,-105.078369140625,5
39.4560680556836,-105.077815693232,39.4566764831543,-105.078369140625,1
39.4563189332243,-105.077935180569,39.4566764831543,-105.078369140625,1
39.456123360785,-105.077527784938,39.4561538696289,-105.077224731445,2
39.4562859771715,-105.077071242951,39.4561538696289,-105.077224731445,4
39.4559490056311,-105.076156869404,39.4560966491699,-105.076148986816,2
39.4561548132135,-105.076452642343,39.4560966491699,-105.076148986816,1
39.4562178534962,-105.076029570057,39.4560966491699,-105.076148986816,3
39.4565940382707,-105.072971089432,39.4561157226563,-105.072814941406,5
39.4560854092303,-105.072067896576,39.4561157226563,-105.072814941406,1
39.4560759094849,-105.063778907221,39.4561614990234,-105.063255310059,2
39.4559891416965,-105.06293474526,39.4561614990234,-105.063255310059,2
39.4561269981184,-105.061271576797,39.4561347961426,-105.061538696289,3
39.4565441556437,-105.060388648671,39.4561347961426,-105.061538696289,1
39.456052524188,-105.055014218692,39.4561996459961,-105.054611206055,1
39.456124949155,-105.054705598265,39.4561996459961,-105.054611206055,1
39.456412094696,-105.055072302144,39.4561996459961,-105.054611206055,2
39.4563549034293,-105.05474152649,39.4561996459961,-105.054611206055,1
39.4563502839632,-105.05448211602,39.4561386108398,-105.05460357666,4
39.4574768590105,-105.090071368518,39.4569396972656,-105.089218139648,5
39.4566841919942,-105.090250373629,39.4569396972656,-105.089218139648,4
39.4567777153523,-105.090356823771,39.4569396972656,-105.089218139648,1
39.4573761433358,-105.090491364908,39.4569396972656,-105.089218139648,3
39.4568116092836,-105.089031913999,39.456844329834,-105.089088439941,2
39.4569266446484,-105.088955489212,39.456844329834,-105.089088439941,5
39.4574732251343,-105.089160575293,39.456844329834,-105.089088439941,2
39.4572982197361,-105.089381365443,39.456844329834,-105.089088439941,4
39.4570254508901,-105.089228824007,39.456844329834,-105.089088439941,3
39.4571573210209,-105.087378632267,39.456974029541,-105.088050842285,5
39.4567352530878,-105.087509926441,39.456974029541,-105.088050842285,3
39.4571744033628,-105.088186486588,39.456974029541,-105.088050842285,5
39.4574834629788,-105.087611776445,39.456974029541,-105.088050842285,2
39.4566923335945,-105.087242648037,39.456974029541,-105.088050842285,1
39.4569043298277,-105.08639191539,39.4570045471191,-105.086570739746,1
39.4574007812501,-105.086968124552,39.4570045471191,-105.086570739746,5
39.4573209001896,-105.086604627063,39.4570045471191,-105.086570739746,3
39.4569421014421,-105.086309168841,39.4570045471191,-105.086570739746,3
39.4573537710861,-105.086282359744,39.4570045471191,-105.086570739746,2
39.4573846946404,-105.085479327069,39.4567909240723,-105.085395812988,1
39.4567207614541,-105.085143660685,39.4567909240723,-105.085395812988,1
39.4568468510975,-105.085049918766,39.4567909240723,-105.085395812988,2
39.4572035489983,-105.085817612077,39.4567909240723,-105.085395812988,3
39.4573196708327,-105.085535919178,39.4567909240723,-105.085395812988,2
39.4570936753752,-105.08560957182,39.4567909240723,-105.085395812988,3
39.4571339360873,-105.079074711929,39.4571990966797,-105.078895568848,2
39.4574610433505,-105.079646786999,39.4571990966797,-105.078895568848,1
39.4571778746946,-105.079009606003,39.4571990966797,-105.078895568848,1
39.4568359696898,-105.079995465357,39.4571990966797,-105.078895568848,3
39.4568999406923,-105.078990889639,39.4571990966797,-105.078895568848,2
39.4571038590888,-105.079049490675,39.4571990966797,-105.078895568848,1
39.4575147556203,-105.077970777628,39.456974029541,-105.078819274902,2
39.4569925391985,-105.07792505917,39.456974029541,-105.078819274902,3
39.4569141647412,-105.078033159659,39.456974029541,-105.078819274902,3
39.4570102819821,-105.078643202586,39.456974029541,-105.078819274902,2
39.4567077870535,-105.07762023509,39.4571304321289,-105.076972961426,3
39.4572615388198,-105.076995158103,39.4571304321289,-105.076972961426,4
39.4573833365917,-105.077010940029,39.4571304321289,-105.076972961426,1
39.4570045822107,-105.074010871828,39.4570922851563,-105.072998046875,4
39.4566492074865,-105.073202241131,39.4570922851563,-105.072998046875,4
39.4570634933725,-105.0742389575,39.4570922851563,-105.072998046875,1
39.4573180689433,-105.072234284481,39.4570465087891,-105.07299041748,2
39.4573330108782,-105.072502917157,39.4570465087891,-105.07299041748,2
39.456716677109,-105.069402843393,39.4572372436523,-105.068977355957,1
39.457352331757,-105.068888055661,39.4572372436523,-105.068977355957,3
39.4569155871459,-105.06433987178,39.4571266174316,-105.064300537109,4
39.4568998458653,-105.063366914742,39.4571228027344,-105.063758850098,4
39.4568752585739,-105.062482442637,39.4570960998535,-105.061630249023,1
39.4568421944106,-105.061954112188,39.4570960998535,-105.061630249023,5
39.4572253963636,-105.054710344247,39.4570808410645,-105.05477142334,4
39.4569744509695,-105.055387690639,39.4570808410645,-105.05477142334,2
39.4582161439747,-105.089763935684,39.458423614502,-105.089477539063,1
39.4581781935609,-105.090444896391,39.458423614502,-105.089477539063,5
39.4577951289318,-105.090470623167,39.458423614502,-105.089477539063,2
39.4580633126624,-105.090006361284,39.458423614502,-105.089477539063,2
39.4575494586013,-105.090536930941,39.458423614502,-105.089477539063,1
39.4575952088013,-105.089660485775,39.458423614502,-105.089477539063,1
39.4578330152084,-105.089303949351,39.4580268859863,-105.088539123535,3
39.4576660946282,-105.089362044865,39.4580268859863,-105.088539123535,2
39.4575975421996,-105.088798641521,39.4580268859863,-105.088539123535,1
39.4583856302836,-105.088334850068,39.4580268859863,-105.088539123535,4
39.4580067154116,-105.088949681744,39.4580268859863,-105.088539123535,4
39.4582786777856,-105.087615798687,39.4579200744629,-105.087707519531,4
39.4580614500202,-105.087916270456,39.4579200744629,-105.087707519531,1
39.4578392466133,-105.087973905408,39.4579200744629,-105.087707519531,5
39.4582676611372,-105.087196839659,39.4579200744629,-105.087707519531,3
39.4584073926128,-105.087281603909,39.4579200744629,-105.087707519531,1
39.4583834662421,-105.08683099111,39.4580383300781,-105.087074279785,2
39.4579322773585,-105.086659575403,39.4580383300781,-105.087074279785,4
39.4577956504736,-105.086030268921,39.4580383300781,-105.087074279785,5
39.4584116766684,-105.085990090366,39.4580383300781,-105.087074279785,1
39.458204568525,-105.081609625633,39.4581909179688,-105.081558227539,2
39.4580329007897,-105.081631195289,39.4581909179688,-105.081558227539,1
39.4580593232215,-105.082170568261,39.4581909179688,-105.081558227539,4
39.458020644598,-105.082213801877,39.4581909179688,-105.081558227539,1
39.4575306796408,-105.08168666231,39.4581909179688,-105.081558227539,4
39.4575708588208,-105.080746808716,39.4579925537109,-105.081214904785,3
39.4576780257647,-105.080990840801,39.4579925537109,-105.081214904785,2
39.457920779754,-105.080576650783,39.4579925537109,-105.081214904785,3
39.4583393929314,-105.080585272065,39.4579925537109,-105.081214904785,1
39.4581207531354,-105.081108073577,39.4579925537109,-105.081214904785,3
39.4579940121808,-105.080633913996,39.4579925537109,-105.081214904785,2
39.458340547765,-105.081137569286,39.4579925537109,-105.081214904785,1
39.4580466877327,-105.081213132163,39.4579925537109,-105.081214904785,1
39.4575786514928,-105.079033107826,39.4580307006836,-105.079193115234,1
39.4576271380815,-105.079730953615,39.4580307006836,-105.079193115234,1
39.4582225751556,-105.079613740577,39.4580307006836,-105.079193115234,1
39.4583210375103,-105.079922545228,39.4580307006836,-105.079193115234,3
39.4576322993256,-105.079792048265,39.4580307006836,-105.079193115234,1
39.4579799712303,-105.079455199772,39.4580307006836,-105.079193115234,1
39.4577205653468,-105.07987476082,39.4580307006836,-105.079193115234,4
39.4577832079752,-105.080088481343,39.4580307006836,-105.079193115234,1
39.4579684668605,-105.079531455686,39.4580307006836,-105.079193115234,3
39.457604511914,-105.080055711258,39.4580307006836,-105.079193115234,2
39.4584100206185,-105.0777707029,39.4579772949219,-105.078315734863,5
39.4575817096337,-105.078407978202,39.4579772949219,-105.078315734863,3
39.4577447798095,-105.07804580099,39.4579772949219,-105.078315734863,2
39.4580034744115,-105.077030441541,39.4578628540039,-105.077354431152,2
39.458063190744,-105.077175191802,39.4578628540039,-105.077354431152,2
39.4577540524225,-105.07776079643,39.4578628540039,-105.077354431152,1
39.4578657368513,-105.076895148153,39.4578628540039,-105.077354431152,1
39.4575575797805,-105.073221810631,39.4578247070313,-105.073036193848,2
39.4583140746408,-105.07348414896,39.4578247070313,-105.073036193848,4
39.4581725920971,-105.07262775798,39.4579658508301,-105.073036193848,4
39.4579489903677,-105.071770691509,39.4584007263184,-105.070808410645,3
39.4578623061933,-105.071910110216,39.4584007263184,-105.070808410645,1
39.4576332746788,-105.069259435341,39.4575157165527,-105.06957244873,4
39.4580947168016,-105.068013250972,39.4579391479492,-105.067764282227,5
39.4581876693131,-105.06744707329,39.4579391479492,-105.067764282227,1
39.4581332429861,-105.066655459263,39.4579925537109,-105.066390991211,3
39.4581361656379,-105.066724433911,39.4579925537109,-105.066390991211,1
39.4581549275019,-105.065809025196,39.4578819274902,-105.066375732422,3
39.458294239264,-105.065308775872,39.4578819274902,-105.066375732422,1
39.4577991962804,-105.063869194925,39.4578704833984,-105.06453704834,2
39.4578237155129,-105.06246776606,39.4579849243164,-105.061721801758,2
39.457703022556,-105.060544059847,39.4579200744629,-105.061714172363,2
39.4580535761233,-105.055529714812,39.457950592041,-105.054786682129,4
39.4584455968969,-105.090204597053,39.458927154541,-105.089714050293,1
39.4589205562514,-105.090551645899,39.458927154541,-105.089714050293,4
39.4585603112212,-105.089636809596,39.458927154541,-105.089714050293,2
39.4591061304474,-105.089924620295,39.458927154541,-105.089714050293,5
39.4591079050107,-105.088375716176,39.4588661193848,-105.088790893555,2
39.4588819085857,-105.089015380918,39.4588661193848,-105.088790893555,2
39.4587428723135,-105.08909825796,39.4588661193848,-105.088790893555,5
39.458778536473,-105.08844235731,39.4588661193848,-105.088790893555,1
39.4584572671314,-105.088740797122,39.4588661193848,-105.088790893555,1
39.4584725678016,-105.089252359824,39.4588661193848,-105.088790893555,3
39.4590396046086,-105.087614035393,39.4586410522461,-105.08772277832,3
39.4589572972519,-105.087767825829,39.4586410522461,-105.08772277832,4
39.4586395474066,-105.087135294316,39.4586410522461,-105.08772277832,4
39.4585508219733,-105.087404283379,39.4586410522461,-105.08772277832,1
39.4588496039704,-105.083091444505,39.4590950012207,-105.082855224609,1
39.4586573710486,-105.082745786118,39.4590950012207,-105.082855224609,2
39.4587322282634,-105.083559364567,39.4590950012207,-105.082855224609,3
39.4589892462267,-105.083258411402,39.4590950012207,-105.082855224609,3
39.459249947823,-105.082938669499,39.4590950012207,-105.082855224609,2
39.4592203086058,-105.083508016287,39.4590950012207,-105.082855224609,1
39.4592460092486,-105.081692355734,39.4590301513672,-105.081588745117,3
39.4587528559771,-105.08127521154,39.4590301513672,-105.081588745117,5
39.4586209583895,-105.081597137823,39.4590301513672,-105.081588745117,3
39.4588582228256,-105.081663818433,39.4590301513672,-105.081588745117,1
39.4592727156912,-105.078976397287,39.4588317871094,-105.079620361328,5
39.458575097106,-105.079773540251,39.4588317871094,-105.079620361328,4
39.4589802751836,-105.079352386974,39.4588317871094,-105.079620361328,1
39.4587286994371,-105.079349630181,39.4588317871094,-105.079620361328,1
39.4589555904163,-105.079773404275,39.4588317871094,-105.079620361328,1
39.4584552385562,-105.078293826805,39.4587898254395,-105.078346252441,3
39.4590919203927,-105.078025452921,39.4587898254395,-105.078346252441,4
39.4587315611053,-105.078104419572,39.4587898254395,-105.078346252441,5
39.4588518187961,-105.078142740526,39.4587898254395,-105.078346252441,1
39.4591805774049,-105.078269522289,39.4587898254395,-105.078346252441,1
39.4586595757208,-105.074016900804,39.4588584899902,-105.073944091797,2
39.458676034561,-105.07382030661,39.4588584899902,-105.073944091797,1
39.4585920233165,-105.074157288885,39.4588584899902,-105.073944091797,3
39.4590613633467,-105.072196345135,39.4588661193848,-105.073043823242,3
39.4587095076307,-105.0721347329,39.4588661193848,-105.073043823242,2
39.458903118747,-105.071573759569,39.4588432312012,-105.071388244629,5
39.4591463527433,-105.07114614965,39.4588432312012,-105.071388244629,2
39.4585766278479,-105.071854083941,39.4588432312012,-105.071388244629,1
39.459178359203,-105.067352662459,39.4588661193848,-105.06787109375,2
39.4584979639264,-105.066757761057,39.4588775634766,-105.066474914551,2
39.4590502994102,-105.065591359192,39.458927154541,-105.065444946289,2
39.458529212086,-105.064045945475,39.458869934082,-105.064399719238,2
39.4586043166601,-105.06497382007,39.458869934082,-105.064399719238,3
39.4589388708755,-105.064802306768,39.458869934082,-105.064399719238,1
39.4588576843588,-105.063167478222,39.4593086242676,-105.06371307373,4
39.4592541471627,-105.06227083412,39.4588966369629,-105.061988830566,4
39.4587071099245,-105.05453930028,39.4588470458984,-105.054710388184,3
39.4584360432878,-105.055484246373,39.4588470458984,-105.054710388184,3
39.4598005806845,-105.090184065855,39.4601211547852,-105.089736938477,1
39.4598845836973,-105.089413751726,39.4601211547852,-105.089736938477,3
39.4595913431486,-105.090430989611,39.4601211547852,-105.089736938477,1
39.4593871103161,-105.089964776918,39.4601211547852,-105.089736938477,4
39.4597001663877,-105.09009560724,39.4601211547852,-105.089736938477,2
39.459421710767,-105.089263395767,39.4598770141602,-105.089057922363,5
39.4599304576642,-105.088775289929,39.4598770141602,-105.089057922363,1
39.4598786708096,-105.089165673276,39.4598770141602,-105.089057922363,2
39.4601072174365,-105.088325614703,39.4598770141602,-105.089057922363,2
39.4594185070849,-105.088731143961,39.4598770141602,-105.089057922363,1
39.4595894873204,-105.088275282949,39.4598770141602,-105.089057922363,1
39.4601634709408,-105.088032325509,39.459587097168,-105.088424682617,4
39.4595332841504,-105.087543244815,39.459587097168,-105.088424682617,1
39.4599189129784,-105.087080944706,39.459587097168,-105.088424682617,1
39.4597654927603,-105.087144363002,39.459587097168,-105.088424682617,2
39.460112036458,-105.087601486174,39.459587097168,-105.088424682617,1
39.4601886869633,-105.087386079117,39.459587097168,-105.088424682617,5
39.4598768624006,-105.088171778211,39.459587097168,-105.088424682617,4
39.4595732691411,-105.088167878785,39.459587097168,-105.088424682617,2
39.4593757924395,-105.083465260778,39.4597663879395,-105.083053588867,3
39.4596282666685,-105.082427792158,39.4597663879395,-105.083053588867,5
39.4596705341352,-105.083345712032,39.4597663879395,-105.083053588867,1
39.4596988151572,-105.083311663339,39.4597663879395,-105.083053588867,4
39.4600952426915,-105.082931168917,39.4597663879395,-105.083053588867,1
39.4595690969131,-105.08063317929,39.4598541259766,-105.080070495605,2
39.4597797365429,-105.080436541232,39.4598541259766,-105.080070495605,4
39.4596840701497,-105.080440197217,39.4598541259766,-105.080070495605,3
39.4599221030912,-105.080849735559,39.4598541259766,-105.080070495605,2
39.4601974072483,-105.080794490046,39.4598541259766,-105.080070495605,1
39.460006861153,-105.0798941768,39.4598426818848,-105.079162597656,2
39.4593503966349,-105.078931931119,39.4598426818848,-105.079162597656,1
39.4601015145321,-105.080005023116,39.4598426818848,-105.079162597656,1
39.4601165269865,-105.07939072986,39.4598426818848,-105.079162597656,4
39.4595622188321,-105.079173193251,39.4598426818848,-105.079162597656,4
39.4598536646401,-105.078568045441,39.4598083496094,-105.078224182129,4
39.4601116165292,-105.078460830986,39.4598083496094,-105.078224182129,1
39.4595774278226,-105.078045491756,39.4598083496094,-105.078224182129,5
39.4598178147719,-105.078610789984,39.4598083496094,-105.078224182129,1
39.4595061341694,-105.07777463303,39.4598083496094,-105.078224182129,2
39.4594161364956,-105.073879622614,39.4597511291504,-105.073997497559,4
39.4600327376048,-105.073442375983,39.4597511291504,-105.073997497559,2
39.4598761444554,-105.07345769296,39.4597511291504,-105.073997497559,3
39.45967811322,-105.073494189212,39.4597511291504,-105.073997497559,2
39.4595697234246,-105.074094867377,39.4597511291504,-105.073997497559,5
39.4601337880878,-105.072658959961,39.4595489501953,-105.072570800781,4
39.4599053058924,-105.07152869467,39.4603576660156,-105.071601867676,2
39.4599210363337,-105.071871175179,39.4603576660156,-105.071601867676,5
39.4599035889204,-105.071185075915,39.4603576660156,-105.071601867676,1
39.4601183184567,-105.067926163078,39.4597015380859,-105.067749023438,2
39.4593179940267,-105.068217012389,39.4597015380859,-105.067749023438,2
39.4597501517358,-105.066925361775,39.4597358703613,-105.066757202148,4
39.4601544153861,-105.065150684664,39.4593467712402,-105.065933227539,1
39.4596351278102,-105.065450979883,39.4593467712402,-105.065933227539,1
39.4594893876685,-105.061908911314,39.4595832824707,-105.062484741211,1
39.4598557270398,-105.062363692199,39.4595832824707,-105.062484741211,2
39.4601248578305,-105.061688179282,39.4595832824707,-105.062484741211,1
39.4596622743543,-105.054653791615,39.4597358703613,-105.054626464844,2
39.4597873630273,-105.054820677365,39.4597358703613,-105.054626464844,2
39.4595667026231,-105.054870624222,39.4597358703613,-105.054626464844,2
39.4599971214992,-105.053476459078,39.4598007202148,-105.054618835449,2
39.4609598437855,-105.092204657872,39.4610404968262,-105.092132568359,2
39.4610430394177,-105.091949190691,39.4610404968262,-105.092132568359,5
39.46027033588,-105.09187600519,39.4610404968262,-105.092132568359,3
39.4605746101721,-105.092522495022,39.4610404968262,-105.092132568359,2
39.4606264642389,-105.091668594367,39.460807800293,-105.090377807617,5
39.4607695300589,-105.091236413919,39.460807800293,-105.090377807617,1
39.4607117565089,-105.091565199287,39.460807800293,-105.090377807617,2
39.4610117619084,-105.09108940471,39.460807800293,-105.090377807617,2
39.4608879148892,-105.089467614457,39.4606704711914,-105.089942932129,1
39.4609643274864,-105.089997570032,39.4606704711914,-105.089942932129,5
39.4606679860705,-105.088410925047,39.4605827331543,-105.088691711426,3
39.4610812591875,-105.089061089507,39.4605827331543,-105.088691711426,2
39.4605806957121,-105.088673606604,39.4605827331543,-105.088691711426,4
39.461019036064,-105.088454581942,39.4605827331543,-105.088691711426,3
39.4607942886857,-105.083392323103,39.4606628417969,-105.082984924316,1
39.4604550124399,-105.082623995971,39.4606628417969,-105.082984924316,2
39.4607787413121,-105.083266262888,39.4606628417969,-105.082984924316,1
39.4604525402907,-105.082666556289,39.4606628417969,-105.082984924316,3
39.460802802319,-105.082967108108,39.4606628417969,-105.082984924316,5
39.461019659176,-105.082845598684,39.4606628417969,-105.082984924316,2
39.4606143541233,-105.083523844269,39.4606628417969,-105.082984924316,2
39.4609448823103,-105.08125045962,39.4606971740723,-105.080497741699,1
39.4606744847547,-105.080984320558,39.4606971740723,-105.080497741699,3
39.4609999261646,-105.080964959407,39.4606971740723,-105.080497741699,1
39.4602605556249,-105.080766770791,39.4606971740723,-105.080497741699,4
39.4605385913502,-105.080408199122,39.4606971740723,-105.080497741699,2
39.4603815489331,-105.080880523034,39.4606971740723,-105.080497741699,2
39.4610928443183,-105.080383113843,39.4606971740723,-105.080497741699,5
39.4610776119536,-105.080746859159,39.4606971740723,-105.080497741699,1
39.4604269518481,-105.081182327143,39.4606971740723,-105.080497741699,1
39.4604899645564,-105.080369259698,39.4606971740723,-105.080497741699,4
39.4610087411694,-105.07897211406,39.4606399536133,-105.079551696777,5
39.4609928247174,-105.079493018495,39.4606399536133,-105.079551696777,3
39.4602767770306,-105.07944422085,39.4606399536133,-105.079551696777,4
39.4610853297306,-105.079416909522,39.4606399536133,-105.079551696777,3
39.4606154987596,-105.079774196003,39.4606399536133,-105.079551696777,1
39.4604512432589,-105.079621035002,39.4606399536133,-105.079551696777,2
39.4602752734182,-105.078051009728,39.460636138916,-105.078643798828,1
39.460587319705,-105.078612502836,39.460636138916,-105.078643798828,4
39.4607454859729,-105.078602311257,39.460636138916,-105.078643798828,2
39.4608948402499,-105.078545565628,39.460636138916,-105.078643798828,3
39.4606511721191,-105.077927794031,39.460636138916,-105.078643798828,1
39.4609106585162,-105.078858785095,39.460636138916,-105.078643798828,4
39.4606186109511,-105.078347510793,39.460636138916,-105.078643798828,1
39.4606860801127,-105.077858711919,39.460636138916,-105.078643798828,2
39.4607605558587,-105.075151657671,39.4608993530273,-105.074241638184,3
39.4608500370483,-105.074538829441,39.4608993530273,-105.074241638184,5
39.460716558556,-105.07429402756,39.4608993530273,-105.074241638184,4
39.4602815723348,-105.073884728273,39.4606170654297,-105.07405090332,4
39.4603769635995,-105.073902043212,39.4606170654297,-105.07405090332,2
39.4610098045237,-105.074228465458,39.4606170654297,-105.07405090332,1
39.4602955958884,-105.073556176476,39.4606170654297,-105.07405090332,1
39.4610727659072,-105.073586979303,39.4606170654297,-105.07405090332,2
39.4607710742985,-105.072656554073,39.4606513977051,-105.073081970215,4
39.4607219803311,-105.072217895052,39.4606513977051,-105.073081970215,5
39.4608517539969,-105.072266083,39.4606513977051,-105.073081970215,1
39.4604990200674,-105.073075529549,39.4606513977051,-105.073081970215,2
39.4605344090205,-105.0708113693,39.460636138916,-105.071495056152,5
39.4609799256157,-105.071617664289,39.460636138916,-105.071495056152,5
39.4605499462892,-105.071384753682,39.460636138916,-105.071495056152,2
39.4603496446221,-105.06445609132,39.4607696533203,-105.064208984375,2
39.4606225020368,-105.063834674704,39.4607696533203,-105.064208984375,2
39.4602372293047,-105.055191894752,39.4607162475586,-105.054779052734,2
39.4604474232802,-105.053988055773,39.4605445861816,-105.054733276367,2
39.4617001991253,-105.093116422664,39.4616241455078,-105.09285736084,5
39.4616402590211,-105.092958844654,39.4616241455078,-105.09285736084,3
39.4614278843822,-105.092431025209,39.4613456726074,-105.092552185059,5
39.4611231871246,-105.092434770017,39.4613456726074,-105.092552185059,1
39.4615018412069,-105.092637486397,39.4613456726074,-105.092552185059,2
39.4614078365458,-105.091099752004,39.4615592956543,-105.091178894043,5
39.4612042389266,-105.091439191707,39.4615592956543,-105.091178894043,1
39.4612577417335,-105.090073243664,39.4615249633789,-105.090225219727,3
39.4612486795482,-105.090022310986,39.4615249633789,-105.090225219727,3
39.4618300251502,-105.089739620201,39.4615249633789,-105.090225219727,1
39.4611607668074,-105.08987470524,39.4615249633789,-105.090225219727,4
39.4614528222571,-105.090529102483,39.4615249633789,-105.090225219727,3
39.4617625266195,-105.088851488821,39.461296081543,-105.088813781738,3
39.4614124793814,-105.08842516409,39.461296081543,-105.088813781738,2
39.4612332846672,-105.089315818693,39.461296081543,-105.088813781738,3
39.4611274879454,-105.088491686793,39.461296081543,-105.088813781738,4
39.4614253513113,-105.088981845422,39.461296081543,-105.088813781738,2
39.4619967731965,-105.086284039699,39.4619407653809,-105.08625793457,3
39.4612699973552,-105.086711542153,39.4619407653809,-105.08625793457,3
39.4616177120465,-105.086165141223,39.4619407653809,-105.08625793457,2
39.4617242191763,-105.086490702657,39.4619407653809,-105.08625793457,1
39.4618256160068,-105.08642296714,39.4619407653809,-105.08625793457,2
39.4612766923982,-105.085950769334,39.4619407653809,-105.08625793457,1
39.461876270343,-105.085154924717,39.4618110656738,-105.084899902344,1
39.4618144644623,-105.085087053225,39.4618110656738,-105.084899902344,3
39.4615477174944,-105.085197868837,39.4618110656738,-105.084899902344,4
39.4612394209466,-105.08515828682,39.4618110656738,-105.084899902344,1
39.4618301538349,-105.085779876695,39.4618110656738,-105.084899902344,4
39.4613116644208,-105.08566913565,39.4618110656738,-105.084899902344,2
39.4614072066644,-105.083860819965,39.461540222168,-105.084159851074,2
39.4615714226581,-105.084593754001,39.461540222168,-105.084159851074,5
39.4619141510118,-105.08457315372,39.461540222168,-105.084159851074,4
39.4612391330969,-105.084467222258,39.461540222168,-105.084159851074,3
39.4619519436128,-105.08311334752,39.4616813659668,-105.083106994629,4
39.4615708130968,-105.082541827318,39.4616813659668,-105.083106994629,2
39.4613504461959,-105.08309578914,39.4616813659668,-105.083106994629,1
39.4614530762413,-105.082546845251,39.4616813659668,-105.083106994629,3
39.4615933939511,-105.082628840645,39.4616813659668,-105.083106994629,5
39.4615233519642,-105.082845807033,39.4616813659668,-105.083106994629,5
39.4615443615199,-105.082773827767,39.4616813659668,-105.083106994629,2
39.4612201587166,-105.081280168064,39.4616088867188,-105.081924438477,2
39.4617786968786,-105.082207207067,39.4616088867188,-105.081924438477,3
39.4616084568804,-105.081692647423,39.4616088867188,-105.081924438477,1
39.4614142877506,-105.081251567162,39.4616088867188,-105.081924438477,3
39.4611572956742,-105.082055458456,39.4616088867188,-105.081924438477,4
39.4613684723314,-105.082205573169,39.4616088867188,-105.081924438477,4
39.4618289211712,-105.082191800171,39.4616088867188,-105.081924438477,2
39.4619848529595,-105.080890916384,39.4615745544434,-105.08073425293,2
39.4614999684974,-105.080653349714,39.4615745544434,-105.08073425293,3
39.4617015943406,-105.080619399712,39.4615745544434,-105.08073425293,2
39.4618630903307,-105.08071716168,39.4615745544434,-105.08073425293,2
39.4612453303322,-105.08110884776,39.4615745544434,-105.08073425293,1
39.461142374879,-105.080874377821,39.4615745544434,-105.08073425293,5
39.4614891657056,-105.081014351396,39.4615745544434,-105.08073425293,3
39.4611479557851,-105.079058598838,39.461612701416,-105.079597473145,5
39.4615452690892,-105.079499385216,39.461612701416,-105.079597473145,4
39.4612640507205,-105.079566236892,39.461612701416,-105.079597473145,4
39.4617222651981,-105.079508030624,39.461612701416,-105.079597473145,4
39.4619563392025,-105.080042515059,39.461612701416,-105.079597473145,1
39.4611782172921,-105.078564981607,39.4614181518555,-105.078758239746,4
39.4615942371772,-105.077883955105,39.4614181518555,-105.078758239746,1
39.4612759913998,-105.078344637764,39.4614181518555,-105.078758239746,3
39.4618767173526,-105.077877351523,39.4614181518555,-105.078758239746,5
39.4619954186242,-105.078633155754,39.4614181518555,-105.078758239746,3
39.4615324039544,-105.07848593381,39.4614181518555,-105.078758239746,4
39.4616638219224,-105.078030812986,39.4614181518555,-105.078758239746,1
39.4614966904091,-105.078291934115,39.4614181518555,-105.078758239746,1
39.4613450888126,-105.075362388927,39.4618530273438,-105.074523925781,5
39.4619861499626,-105.075386645194,39.4618530273438,-105.074523925781,5
39.4619135753179,-105.074949922727,39.4618530273438,-105.074523925781,5
39.4611592462817,-105.074913211547,39.4618530273438,-105.074523925781,3
39.4615202093351,-105.074218721281,39.4614105224609,-105.073867797852,5
39.4618419386409,-105.073442485641,39.4614105224609,-105.073867797852,1
39.4615967634691,-105.073873470821,39.4614105224609,-105.073867797852,4
39.4616333032565,-105.073902047598,39.4614105224609,-105.073867797852,4
39.4619356040723,-105.073584316816,39.4614105224609,-105.073867797852,4
39.4618829822599,-105.072468938645,39.4615516662598,-105.073097229004,3
39.4616464731529,-105.072347076123,39.4615516662598,-105.073097229004,2
39.4611385989624,-105.073057144351,39.4615516662598,-105.073097229004,3
39.4612174461553,-105.072043776285,39.4615516662598,-105.073097229004,1
39.461768507076,-105.072410449459,39.4615516662598,-105.073097229004,1
39.4611344065094,-105.072128802616,39.4615516662598,-105.073097229004,3
39.4613270558981,-105.07296811771,39.4615516662598,-105.073097229004,1
39.4618312171767,-105.072391279113,39.4615516662598,-105.073097229004,4
39.4615419842301,-105.071528442457,39.4615592956543,-105.071647644043,4
39.461531706345,-105.070896737763,39.4615592956543,-105.071647644043,1
39.4615867395759,-105.071552102187,39.4615592956543,-105.071647644043,5
39.4618735442615,-105.071168039506,39.4615592956543,-105.071647644043,4
39.4614664053353,-105.071110113961,39.4615592956543,-105.071647644043,2
39.461513182443,-105.066126387529,39.4617538452148,-105.06526184082,3
39.4617226986629,-105.06565956185,39.4617538452148,-105.06526184082,4
39.4613111124272,-105.065093522336,39.4617538452148,-105.06526184082,2
39.4616356365194,-105.065044413264,39.4617538452148,-105.06526184082,1
39.4616173903338,-105.065278734068,39.4617538452148,-105.06526184082,2
39.4617948332695,-105.064178425048,39.4616813659668,-105.064521789551,4
39.461911106607,-105.064447674,39.4616813659668,-105.064521789551,2
39.4613669111728,-105.063287698072,39.461353302002,-105.063011169434,4
39.4617425025847,-105.062499812405,39.461799621582,-105.062316894531,1
39.4613307098918,-105.062066234919,39.461799621582,-105.062316894531,2
39.4619005443159,-105.062335593528,39.461799621582,-105.062316894531,1
39.4613486208928,-105.055276006539,39.4615325927734,-105.054870605469,2
39.4626570055218,-105.093980687062,39.4625129699707,-105.093360900879,4
39.4626798467763,-105.092562846836,39.4624710083008,-105.092277526855,4
39.4628108054149,-105.091223441422,39.4624557495117,-105.09122467041,1
39.462818776979,-105.091520096008,39.4624557495117,-105.09122467041,4
39.4622425836059,-105.091080972039,39.4624557495117,-105.09122467041,3
39.4624597644586,-105.090239173199,39.4624519348145,-105.090461730957,5
39.4622861261642,-105.089641536937,39.4624519348145,-105.090461730957,1
39.4622367183285,-105.088789971989,39.4626388549805,-105.088279724121,5
39.4626393589967,-105.089015488382,39.4626388549805,-105.088279724121,5
39.462231188306,-105.088160392459,39.4626388549805,-105.088279724121,1
39.4622755876349,-105.087766047182,39.4626388549805,-105.088279724121,4
39.4622021666868,-105.087210935051,39.4626388549805,-105.088279724121,1
39.4627911507983,-105.086213841272,39.4625282287598,-105.086364746094,5
39.4624414609202,-105.086171969604,39.4625282287598,-105.086364746094,5
39.4622072700226,-105.086385157191,39.4625282287598,-105.086364746094,1
39.4622205617216,-105.086878984964,39.4625282287598,-105.086364746094,1
39.4621696536543,-105.086764306113,39.4625282287598,-105.086364746094,2
39.462013187224,-105.084791039039,39.4624710083008,-105.085273742676,4
39.4621936498383,-105.085841769653,39.4624710083008,-105.085273742676,5
39.4628586652634,-105.085274754186,39.4624710083008,-105.085273742676,3
39.4626095451299,-105.084035837924,39.4627876281738,-105.083709716797,1
39.4620324797124,-105.08468706387,39.4627876281738,-105.083709716797,5
39.4620862087732,-105.084600454082,39.4627876281738,-105.083709716797,1
39.4621934568123,-105.0843196845,39.4627876281738,-105.083709716797,3
39.4620438479534,-105.084065886308,39.4627876281738,-105.083709716797,2
39.4620355342713,-105.084469680782,39.4627876281738,-105.083709716797,4
39.4620956196513,-105.083958570967,39.4627876281738,-105.083709716797,4
39.4623154457529,-105.08260039765,39.462329864502,-105.083351135254,3
39.4621555932276,-105.082568458769,39.462329864502,-105.083351135254,5
39.4623915553923,-105.082702798135,39.462329864502,-105.083351135254,2
39.4620952268259,-105.083306601543,39.462329864502,-105.083351135254,4
39.462602663963,-105.082864036517,39.462329864502,-105.083351135254,3
39.4623679893509,-105.083092725306,39.462329864502,-105.083351135254,1
39.4620623751007,-105.082146812032,39.4624328613281,-105.081809997559,5
39.4624295644642,-105.081805498281,39.4624328613281,-105.081809997559,5
39.4623446129407,-105.082008031532,39.4624328613281,-105.081809997559,4
39.4627427863307,-105.081291078998,39.4624328613281,-105.081809997559,3
39.4627859526864,-105.082209246699,39.4624328613281,-105.081809997559,1
39.4628429591906,-105.08098660363,39.4624214172363,-105.080718994141,5
39.4627287564973,-105.08094754139,39.4624214172363,-105.080718994141,3
39.4622554079724,-105.080229038297,39.4624214172363,-105.080718994141,1
39.4627752990955,-105.080448059669,39.4624214172363,-105.080718994141,4
39.4625408688865,-105.080946144352,39.4624214172363,-105.080718994141,4
39.4625678144996,-105.080186936347,39.4624214172363,-105.080718994141,3
39.4628569280459,-105.079016187654,39.462329864502,-105.079658508301,5
39.4628752890438,-105.079518369145,39.462329864502,-105.079658508301,1
39.4623172642578,-105.079040702713,39.462329864502,-105.079658508301,5
39.4625100627607,-105.079419556657,39.462329864502,-105.079658508301,3
39.4625438319902,-105.079644225397,39.462329864502,-105.079658508301,1
39.4628932673749,-105.079397247909,39.462329864502,-105.079658508301,4
39.4624400724925,-105.079236123571,39.462329864502,-105.079658508301,1
39.4627983773585,-105.07937855567,39.462329864502,-105.079658508301,2
39.4623128077354,-105.074902177796,39.46240234375,-105.075065612793,2
39.4628888820036,-105.074286605932,39.46240234375,-105.075065612793,4
39.4623383277565,-105.075426679001,39.46240234375,-105.075065612793,2
39.4622462849615,-105.074922076269,39.46240234375,-105.075065612793,5
39.4628779101079,-105.07484002166,39.46240234375,-105.075065612793,2
39.4622587605263,-105.07427845837,39.46240234375,-105.075065612793,4
39.4622705554189,-105.074925245375,39.46240234375,-105.075065612793,2
39.4624856603169,-105.074388157668,39.46240234375,-105.075065612793,1
39.4625299003225,-105.073871850081,39.462345123291,-105.074081420898,4
39.4621180310141,-105.073139970951,39.462345123291,-105.074081420898,1
39.4623997166434,-105.073842227169,39.462345123291,-105.074081420898,3
39.4623134613136,-105.074032198043,39.462345123291,-105.074081420898,4
39.4626698298119,-105.073978625906,39.462345123291,-105.074081420898,1
39.4624616439151,-105.073419246996,39.462345123291,-105.074081420898,5
39.462326007981,-105.073623624689,39.462345123291,-105.074081420898,2
39.4627080249837,-105.07303928551,39.4626045227051,-105.07186126709,3
39.4622325631923,-105.072205277845,39.4626045227051,-105.07186126709,3
39.4621804664997,-105.07283273221,39.4626045227051,-105.07186126709,1
39.4626836530869,-105.072479902214,39.4626045227051,-105.07186126709,1
39.4624100214915,-105.072493056743,39.4626045227051,-105.07186126709,2
39.4623658017283,-105.072364669593,39.4626045227051,-105.07186126709,3
39.4622271178299,-105.073073939514,39.4626045227051,-105.07186126709,4
39.4627510220413,-105.073029762842,39.4626045227051,-105.07186126709,3
39.4625712720168,-105.072757732972,39.4626045227051,-105.07186126709,2
39.4624933914834,-105.072249746206,39.4626045227051,-105.07186126709,2
39.4626103307749,-105.07135727348,39.4623680114746,-105.07177734375,4
39.4621224807761,-105.071421236775,39.4623680114746,-105.07177734375,4
39.4622335926637,-105.070948162804,39.4623680114746,-105.07177734375,2
39.4620614336738,-105.071327172462,39.4623680114746,-105.07177734375,1
39.4625968732167,-105.071262426212,39.4623680114746,-105.07177734375,1
39.462097390752,-105.070836553271,39.4623680114746,-105.07177734375,3
39.4621813639015,-105.071878182301,39.4623680114746,-105.07177734375,3
39.4626462164552,-105.066007110734,39.4625587463379,-105.06566619873,5
39.4624715152939,-105.065912177933,39.4625587463379,-105.06566619873,5
39.4626675981756,-105.064057577957,39.4620513916016,-105.063949584961,4
39.4624006377472,-105.064653005715,39.4620513916016,-105.063949584961,1
39.4621351053657,-105.064273296441,39.4620513916016,-105.063949584961,3
39.4626644014158,-105.064204870082,39.4620513916016,-105.063949584961,1
39.4620801436834,-105.064933773104,39.4620513916016,-105.063949584961,1
39.4622943619289,-105.064882957759,39.4620513916016,-105.063949584961,4
39.4623188694186,-105.063611468796,39.4624900817871,-105.063270568848,4
39.4626175979907,-105.063197340187,39.4624900817871,-105.063270568848,1
39.4626553428001,-105.063406983639,39.4624900817871,-105.063270568848,3
39.4622143070039,-105.062865551297,39.4624900817871,-105.063270568848,1
39.4628287261941,-105.063269863355,39.4624900817871,-105.063270568848,3
39.4624238515909,-105.062510896598,39.4621620178223,-105.061752319336,1
39.4627113876749,-105.061718918508,39.4621620178223,-105.061752319336,4
39.4620560323217,-105.062471073334,39.4621620178223,-105.061752319336,3
39.462401369212,-105.061701268017,39.4621620178223,-105.061752319336,1
39.4621504424781,-105.062265789869,39.4621620178223,-105.061752319336,2
39.4628108189604,-105.061601396236,39.4621620178223,-105.061752319336,2
39.4620477965288,-105.060403759492,39.4626045227051,-105.061065673828,4
39.4623004574778,-105.054970855679,39.4624137878418,-105.054710388184,1
39.4625508926423,-105.054718485229,39.4624137878418,-105.054710388184,1
39.4624221075898,-105.054493814296,39.4625358581543,-105.0546875,1
39.4621297683614,-105.054268340669,39.4625358581543,-105.0546875,3
39.4625526129353,-105.002143412083,39.4623260498047,-105.000900268555,2
39.4627172969355,-105.001133061794,39.4623260498047,-105.000900268555,2
39.4626335140711,-105.00023256213,39.4625625610352,-105.000801086426,2
39.462300687754,-105.000561649056,39.4625625610352,-105.000801086426,2
39.4632197888217,-105.095100791477,39.4632034301758,-105.094078063965,1
39.4636422305702,-105.094985418494,39.4632034301758,-105.094078063965,3
39.4633846202432,-105.09352906322,39.463062286377,-105.093933105469,4
39.4630035449821,-105.092829799558,39.4631652832031,-105.092361450195,4
39.463322964702,-105.090731460283,39.4633560180664,-105.091156005859,4
39.4634317042204,-105.08948564217,39.4634437561035,-105.09009552002,2
39.4631646891546,-105.089576355346,39.4634437561035,-105.09009552002,1
39.4637952223364,-105.089911060033,39.4634437561035,-105.09009552002,1
39.4633222501788,-105.090431683744,39.4634437561035,-105.09009552002,4
39.4632302527079,-105.090242096672,39.4634437561035,-105.09009552002,2
39.4630689800047,-105.090178565429,39.4634437561035,-105.09009552002,2
39.4631314078645,-105.088562829372,39.4634323120117,-105.088455200195,2
39.4633937024686,-105.089167205193,39.4634323120117,-105.088455200195,2
39.4634448703902,-105.088497912057,39.4634323120117,-105.088455200195,2
39.4634054125098,-105.088974706711,39.4634323120117,-105.088455200195,2
39.4637453685744,-105.087849283901,39.4636001586914,-105.087249755859,5
39.4634955946614,-105.08752065315,39.4636001586914,-105.087249755859,4
39.4629739378407,-105.08716670684,39.4636001586914,-105.087249755859,1
39.4634750259214,-105.086993399539,39.4631805419922,-105.086608886719,2
39.4636346045082,-105.086100261192,39.4631805419922,-105.086608886719,1
39.4631447332507,-105.08593144766,39.4631805419922,-105.086608886719,5
39.4635505044307,-105.086475261766,39.4631805419922,-105.086608886719,2
39.4635968162073,-105.085502232354,39.4630241394043,-105.085586547852,5
39.4636021226219,-105.085211361111,39.4630241394043,-105.085586547852,3
39.46318794338,-105.085695598228,39.4630241394043,-105.085586547852,4
39.463157367814,-105.085634591304,39.4630241394043,-105.085586547852,1
39.4635929286741,-105.085482281246,39.4630241394043,-105.085586547852,1
39.4629144830866,-105.083700452264,39.4630432128906,-105.08423614502,5
39.4631460945733,-105.084341934033,39.4630432128906,-105.08423614502,4
39.4634584632388,-105.083983476407,39.4630432128906,-105.08423614502,3
39.4635611816074,-105.084318311586,39.4630432128906,-105.08423614502,4
39.463204597559,-105.083817829788,39.4630432128906,-105.08423614502,4
39.4636569984436,-105.083750811433,39.4630432128906,-105.08423614502,3
39.4631180045891,-105.084737398914,39.4630432128906,-105.08423614502,1
39.463772273085,-105.082744814552,39.4631614685059,-105.082679748535,3
39.4636841840553,-105.082762484782,39.4631614685059,-105.082679748535,1
39.4629354143355,-105.08253140765,39.4631614685059,-105.082679748535,1
39.4634505154525,-105.08305802744,39.4631614685059,-105.082679748535,2
39.4631828739798,-105.082643525994,39.4631614685059,-105.082679748535,5
39.4634910501692,-105.08262190809,39.4631614685059,-105.082679748535,2
39.4636557048579,-105.082850085874,39.4631614685059,-105.082679748535,2
39.4635271893721,-105.082877059457,39.4631614685059,-105.082679748535,2
39.4631126236372,-105.083397525261,39.4631614685059,-105.082679748535,2
39.4634721678346,-105.081827142503,39.4635963439941,-105.082221984863,1
39.4632593280802,-105.08187598401,39.4635963439941,-105.082221984863,2
39.4629864234341,-105.081463947668,39.4635963439941,-105.082221984863,5
39.4635227464726,-105.081477268877,39.4635963439941,-105.082221984863,2
39.4634666853193,-105.082265303678,39.4635963439941,-105.082221984863,3
39.4637570683975,-105.08206244584,39.4635963439941,-105.082221984863,2
39.4633201675635,-105.081543741138,39.4635963439941,-105.082221984863,3
39.4635625158311,-105.080588351252,39.463306427002,-105.080497741699,4
39.4631329622108,-105.081150980413,39.463306427002,-105.080497741699,2
39.4637139297348,-105.080298177431,39.463306427002,-105.080497741699,4
39.463374274903,-105.080861034681,39.463306427002,-105.080497741699,1
39.4632092639794,-105.080854922364,39.463306427002,-105.080497741699,3
39.4632653388854,-105.080792950453,39.463306427002,-105.080497741699,1
39.4630956477303,-105.080108046457,39.463306427002,-105.080497741699,3
39.4631009067739,-105.080105581354,39.463306427002,-105.080497741699,5
39.4637703868912,-105.081233324519,39.463306427002,-105.080497741699,2
39.4630934770625,-105.080673467502,39.463306427002,-105.080497741699,2
39.4637524291046,-105.075230029978,39.463794708252,-105.074523925781,2
39.463194306374,-105.074619375161,39.463794708252,-105.074523925781,4
39.46364508865,-105.074276778415,39.463794708252,-105.074523925781,3
39.4629089226406,-105.075340222734,39.463794708252,-105.074523925781,4
39.4636844820539,-105.074797158687,39.463794708252,-105.074523925781,2
39.463165335952,-105.075175025712,39.463794708252,-105.074523925781,1
39.463450999702,-105.074532219279,39.463794708252,-105.074523925781,2
39.4629662541369,-105.074962456594,39.463794708252,-105.074523925781,2
39.4632304423446,-105.07509485502,39.463794708252,-105.074523925781,2
39.4634846634978,-105.073366804332,39.4635581970215,-105.073661804199,3
39.4634504037026,-105.074271133241,39.4635581970215,-105.073661804199,1
39.4632589183296,-105.074086761485,39.4635581970215,-105.073661804199,2
39.4629754888041,-105.073472762112,39.4635581970215,-105.073661804199,1
39.4632526433871,-105.073130452668,39.4635581970215,-105.073661804199,4
39.4630964401426,-105.073227225525,39.4635581970215,-105.073661804199,2
39.4629903651833,-105.073735350459,39.4635581970215,-105.073661804199,1
39.4637302214489,-105.073960308696,39.4635581970215,-105.073661804199,1
39.4630256614374,-105.073670264271,39.4635581970215,-105.073661804199,5
39.4635327463824,-105.073116517377,39.4635581970215,-105.073661804199,2
39.4635106233155,-105.074213214275,39.4635581970215,-105.073661804199,2
39.4631468023257,-105.073412138989,39.4635581970215,-105.073661804199,3
39.4629831115519,-105.072362605836,39.46337890625,-105.072532653809,4
39.4631621358287,-105.072438515232,39.46337890625,-105.072532653809,1
39.4633054605732,-105.072914006057,39.46337890625,-105.072532653809,2
39.4632443163038,-105.073096217557,39.46337890625,-105.072532653809,3
39.4632442282582,-105.072861495406,39.46337890625,-105.072532653809,2
39.4630487667085,-105.072967089121,39.46337890625,-105.072532653809,5
39.4635333457674,-105.073001596184,39.46337890625,-105.072532653809,5
39.4629339040078,-105.072503331663,39.46337890625,-105.072532653809,4
39.463482841637,-105.072904437333,39.46337890625,-105.072532653809,3
39.4630375679506,-105.071947172301,39.4631767272949,-105.072074890137,4
39.4631646620637,-105.071868613577,39.4631767272949,-105.072074890137,2
39.4630396776653,-105.070955582239,39.4631767272949,-105.072074890137,4
39.4630344863447,-105.071497461985,39.4631767272949,-105.072074890137,5
39.4636399075336,-105.071337813638,39.4631767272949,-105.072074890137,1
39.4635248392408,-105.071940518276,39.4631767272949,-105.072074890137,5
39.463218231091,-105.071214080357,39.4631767272949,-105.072074890137,3
39.463458493716,-105.065791444885,39.4629325866699,-105.065093994141,4
39.4633625851747,-105.066009523202,39.4629325866699,-105.065093994141,5
39.4636234058446,-105.065772311822,39.4629325866699,-105.065093994141,2
39.4629447539847,-105.065709162188,39.4629325866699,-105.065093994141,1
39.4634012777615,-105.064188140714,39.4633750915527,-105.064422607422,1
39.4631723491319,-105.06477798032,39.4633750915527,-105.064422607422,2
39.4629841105348,-105.063876063879,39.4633750915527,-105.064422607422,3
39.4631090103735,-105.064554370872,39.4633750915527,-105.064422607422,1
39.4629187363873,-105.064118087035,39.4633750915527,-105.064422607422,4
39.463695518163,-105.064312242444,39.4633750915527,-105.064422607422,5
39.4629181945656,-105.063466654934,39.4638175964355,-105.063743591309,3
39.4631618920098,-105.062870209553,39.4638175964355,-105.063743591309,2
39.4633460766472,-105.063085199911,39.4638175964355,-105.063743591309,3
39.46314590155,-105.062840242316,39.4638175964355,-105.063743591309,2
39.4636318175413,-105.062738765148,39.4638175964355,-105.063743591309,1
39.4629778084765,-105.062693827452,39.4638175964355,-105.063743591309,1
39.4629389090847,-105.062195192289,39.4633026123047,-105.06201171875,4
39.4633323076856,-105.062378035417,39.4633026123047,-105.06201171875,3
