Time(s),People left, People started moving,People reached car
0,10981,0,0
1,10981,0,0
2,10981,4,0
3,10981,8,0
4,10981,5,0
5,10981,5,0
6,10981,0,0
7,10978,4,3
8,10978,0,0
9,10978,0,0
10,10978,4,0
11,10978,2,0
12,10978,2,0
13,10978,1,0
14,10978,5,0
15,10978,3,0
16,10978,7,0
17,10978,0,0
18,10978,0,0
19,10978,0,0
20,10978,3,0
21,10978,0,0
22,10978,9,0
23,10978,14,0
24,10978,1,0
25,10978,0,0
26,10978,5,0
27,10978,14,0
28,10978,5,0
29,10978,6,0
30,10978,4,0
31,10978,0,0
32,10978,8,0
33,10978,0,0
34,10978,0,0
35,10976,0,2
36,10976,3,0
37,10976,0,0
38,10976,5,0
39,10976,2,0
40,10976,0,0
41,10976,3,0
42,10972,1,4
43,10967,1,5
44,10967,8,0
45,10963,5,4
46,10963,6,0
47,10963,0,0
48,10963,5,0
49,10963,0,0
50,10955,3,8
51,10955,0,0
52,10952,2,3
53,10952,10,0
54,10952,0,0
55,10952,2,0
56,10952,0,0
57,10949,0,3
58,10949,0,0
59,10949,0,0
60,10949,0,0
61,10949,5,0
62,10940,9,9
63,10935,0,5
64,10935,4,0
65,10930,2,5
66,10930,0,0
67,10930,0,0
68,10930,1,0
69,10930,0,0
70,10930,5,0
71,10928,5,2
72,10928,10,0
73,10926,2,2
74,10926,0,0
75,10926,3,0
76,10926,3,0
77,10925,0,1
78,10925,7,0
79,10922,0,3
80,10922,3,0
81,10922,4,0
82,10922,0,0
83,10920,8,2
84,10919,2,1
85,10919,3,0
86,10919,0,0
87,10919,5,0
88,10919,7,0
89,10919,0,0
90,10919,0,0
91,10915,0,4
92,10915,9,0
93,10915,3,0
94,10915,7,0
95,10914,2,1
96,10914,7,0
97,10914,0,0
98,10914,1,0
99,10914,9,0
100,10912,8,2
101,10912,3,0
102,10911,9,1
103,10908,0,3
104,10903,2,5
105,10896,0,7
106,10896,0,0
107,10896,0,0
108,10893,4,3
109,10891,2,2
110,10889,6,2
111,10884,4,5
112,10884,0,0
113,10882,13,2
114,10882,5,0
115,10877,0,5
116,10869,0,8
117,10869,3,0
118,10869,16,0
119,10859,4,10
120,10850,0,9
121,10850,4,0
122,10850,0,0
123,10849,7,1
124,10848,6,1
125,10848,5,0
126,10843,4,5
127,10842,0,1
128,10842,7,0
129,10842,2,0
130,10839,0,3
131,10836,0,3
132,10835,3,1
133,10833,0,2
134,10825,3,8
135,10825,2,0
136,10819,0,6
137,10814,7,5
138,10814,3,0
139,10809,5,5
140,10804,19,5
141,10802,9,2
142,10794,2,8
143,10794,0,0
144,10794,7,0
145,10794,4,0
146,10791,3,3
147,10791,2,0
148,10786,3,5
149,10783,4,3
150,10783,0,0
151,10778,2,5
152,10778,4,0
153,10777,6,1
154,10775,0,2
155,10775,5,0
156,10775,1,0
157,10775,1,0
158,10773,1,2
159,10773,1,0
160,10771,0,2
161,10770,7,1
162,10770,11,0
163,10767,0,3
164,10767,0,0
165,10767,4,0
166,10766,3,1
167,10766,0,0
168,10766,0,0
169,10761,0,5
170,10757,0,4
171,10752,4,5
172,10750,6,2
173,10747,2,3
174,10743,0,4
175,10738,0,5
176,10738,8,0
177,10738,8,0
178,10732,0,6
179,10732,7,0
180,10732,0,0
181,10731,1,1
182,10731,15,0
183,10730,0,1
184,10730,5,0
185,10725,2,5
186,10720,1,5
187,10719,4,1
188,10719,9,0
189,10719,7,0
190,10719,0,0
191,10719,2,0
192,10719,6,0
193,10718,2,1
194,10711,0,7
195,10708,5,3
196,10708,5,0
197,10705,2,3
198,10705,3,0
199,10699,3,6
200,10699,3,0
201,10694,5,5
202,10684,4,10
203,10680,5,4
204,10674,3,6
205,10671,6,3
206,10664,14,7
207,10664,0,0
208,10662,7,2
209,10661,2,1
210,10655,0,6
211,10655,0,0
212,10651,0,4
213,10649,0,2
214,10649,7,0
215,10646,6,3
216,10644,9,2
217,10644,0,0
218,10638,5,6
219,10632,5,6
220,10632,6,0
221,10629,10,3
222,10626,0,3
223,10619,0,7
224,10617,3,2
225,10617,0,0
226,10617,4,0
227,10608,0,9
228,10608,3,0
229,10608,1,0
230,10602,0,6
231,10602,0,0
232,10601,3,1
233,10598,3,3
234,10588,0,10
235,10588,3,0
236,10583,1,5
237,10574,8,9
238,10566,2,8
239,10562,4,4
240,10562,4,0
241,10560,2,2
242,10554,4,6
243,10554,6,0
244,10554,0,0
245,10551,2,3
246,10551,4,0
247,10550,4,1
248,10550,1,0
249,10548,0,2
250,10541,4,7
251,10538,0,3
252,10529,2,9
253,10525,1,4
254,10525,5,0
255,10503,0,22
256,10498,0,5
257,10490,4,8
258,10490,3,0
259,10486,1,4
260,10481,0,5
261,10479,0,2
262,10478,0,1
263,10478,0,0
264,10468,5,10
265,10463,1,5
266,10459,1,4
267,10455,1,4
268,10455,8,0
269,10455,5,0
270,10453,4,2
271,10453,9,0
272,10451,7,2
273,10451,0,0
274,10438,5,13
275,10435,1,3
276,10431,1,4
277,10427,4,4
278,10419,0,8
279,10419,0,0
280,10415,0,4
281,10406,3,9
282,10392,0,14
283,10392,2,0
284,10392,0,0
285,10390,5,2
286,10389,1,1
287,10389,11,0
288,10389,1,0
289,10389,5,0
290,10387,0,2
291,10387,3,0
292,10381,10,6
293,10381,6,0
294,10373,4,8
295,10373,9,0
296,10373,0,0
297,10373,2,0
298,10373,8,0
299,10373,4,0
300,10370,4,3
301,10370,8,0
302,10370,0,0
303,10366,5,4
304,10366,11,0
305,10358,4,8
306,10354,3,4
307,10351,0,3
308,10344,3,7
309,10339,9,5
310,10336,2,3
311,10336,0,0
312,10330,5,6
313,10324,0,6
314,10323,5,1
315,10323,4,0
316,10319,7,4
317,10302,4,17
318,10298,4,4
319,10290,0,8
320,10290,0,0
321,10290,0,0
322,10290,3,0
323,10289,0,1
324,10282,1,7
325,10268,3,14
326,10268,0,0
327,10266,7,2
328,10263,3,3
329,10254,4,9
330,10253,1,1
331,10252,0,1
332,10247,8,5
333,10247,11,0
334,10245,5,2
335,10237,3,8
336,10235,0,2
337,10235,0,0
338,10235,5,0
339,10234,5,1
340,10234,15,0
341,10232,0,2
342,10218,3,14
343,10214,7,4
344,10196,8,18
345,10195,7,1
346,10194,1,1
347,10194,3,0
348,10189,0,5
349,10186,1,3
350,10186,6,0
351,10183,2,3
352,10183,2,0
353,10179,6,4
354,10179,5,0
355,10177,8,2
356,10173,3,4
357,10171,13,2
358,10164,6,7
359,10164,12,0
360,10159,3,5
361,10151,5,8
362,10146,18,5
363,10138,2,8
364,10127,4,11
365,10127,0,0
366,10122,0,5
367,10122,5,0
368,10117,7,5
369,10112,8,5
370,10100,3,12
371,10100,0,0
372,10100,5,0
373,10097,0,3
374,10097,9,0
375,10091,1,6
376,10086,4,5
377,10077,9,9
378,10077,1,0
379,10075,0,2
380,10067,5,8
381,10066,5,1
382,10059,5,7
383,10058,0,1
384,10058,5,0
385,10053,7,5
386,10053,4,0
387,10051,0,2
388,10051,3,0
389,10051,9,0
390,10047,1,4
391,10044,7,3
392,10036,9,8
393,10033,10,3
394,10028,0,5
395,10028,0,0
396,10028,2,0
397,10028,5,0
398,10026,12,2
399,10019,10,7
400,10013,2,6
401,10013,0,0
402,10008,5,5
403,10006,0,2
404,9997,9,9
405,9988,1,9
406,9987,4,1
407,9980,2,7
408,9965,5,15
409,9965,3,0
410,9964,5,1
411,9958,12,6
412,9958,1,0
413,9953,3,5
414,9951,0,2
415,9945,10,6
416,9940,4,5
417,9933,3,7
418,9925,3,8
419,9925,5,0
420,9921,2,4
421,9919,9,2
422,9910,11,9
423,9910,8,0
424,9909,0,1
425,9904,11,5
426,9899,0,5
427,9897,6,2
428,9892,10,5
429,9892,5,0
430,9892,5,0
431,9892,2,0
432,9892,9,0
433,9892,4,0
434,9889,2,3
435,9889,5,0
436,9884,16,5
437,9884,4,0
438,9884,9,0
439,9881,19,3
440,9875,11,6
441,9872,7,3
442,9872,4,0
443,9866,14,6
444,9859,4,7
445,9855,1,4
446,9855,3,0
447,9848,5,7
448,9840,4,8
449,9832,9,8
450,9825,4,7
451,9822,1,3
452,9822,0,0
453,9820,4,2
454,9818,6,2
455,9815,1,3
456,9809,2,6
457,9809,7,0
458,9807,0,2
459,9804,3,3
460,9797,4,7
461,9797,7,0
462,9789,0,8
463,9784,7,5
464,9784,3,0
465,9771,10,13
466,9756,10,15
467,9756,3,0
468,9756,16,0
469,9754,15,2
470,9750,5,4
471,9746,1,4
472,9732,7,14
473,9728,10,4
474,9722,5,6
475,9719,5,3
476,9719,0,0
477,9718,7,1
478,9712,10,6
479,9712,2,0
480,9711,0,1
481,9710,14,1
482,9706,4,4
483,9701,0,5
484,9698,7,3
485,9685,9,13
486,9684,5,1
487,9664,11,20
488,9656,5,8
489,9651,5,5
490,9642,5,9
491,9642,9,0
492,9642,8,0
493,9638,2,4
494,9638,5,0
495,9637,6,1
496,9625,11,12
497,9621,0,4
498,9612,0,9
499,9607,12,5
500,9606,5,1
501,9604,14,2
502,9592,16,12
503,9590,3,2
504,9581,1,9
505,9569,3,12
506,9569,0,0
507,9562,2,7
508,9560,12,2
509,9560,3,0
510,9560,5,0
511,9560,9,0
512,9550,2,10
513,9542,3,8
514,9538,6,4
515,9525,12,13
516,9525,9,0
517,9514,4,11
518,9514,11,0
519,9509,0,5
520,9501,0,8
521,9490,2,11
522,9490,5,0
523,9486,6,4
524,9476,9,10
525,9476,7,0
526,9473,16,3
527,9470,9,3
528,9463,11,7
529,9455,0,8
530,9445,1,10
531,9441,1,4
532,9427,4,14
533,9424,4,3
534,9420,9,4
535,9419,7,1
536,9412,13,7
537,9402,0,10
538,9385,5,17
539,9384,4,1
540,9382,4,2
541,9371,15,11
542,9362,7,9
543,9356,3,6
544,9353,7,3
545,9350,5,3
546,9344,5,6
547,9338,2,6
548,9338,5,0
549,9332,5,6
550,9325,3,7
551,9317,3,8
552,9317,5,0
553,9312,3,5
554,9310,26,2
555,9310,13,0
556,9300,5,10
557,9297,11,3
558,9297,14,0
559,9290,2,7
560,9286,3,4
561,9283,4,3
562,9276,13,7
563,9271,4,5
564,9262,7,9
565,9262,0,0
566,9260,10,2
567,9259,2,1
568,9250,10,9
569,9250,10,0
570,9247,18,3
571,9242,7,5
572,9242,4,0
573,9237,5,5
574,9230,15,7
575,9225,5,5
576,9225,0,0
577,9216,10,9
578,9211,5,5
579,9205,6,6
580,9196,7,9
581,9193,17,3
582,9182,7,11
583,9177,10,5
584,9165,4,12
585,9156,4,9
586,9153,9,3
587,9143,3,10
588,9140,3,3
589,9140,7,0
590,9131,8,9
591,9127,5,4
592,9127,4,0
593,9119,0,8
594,9109,2,10
595,9107,10,2
596,9101,3,6
597,9089,10,12
598,9085,1,4
599,9067,6,18
600,9064,0,3
601,9056,11,8
602,9055,11,1
603,9055,6,0
604,9049,5,6
605,9048,10,1
606,9042,13,6
607,9041,0,1
608,9034,6,7
609,9030,6,4
610,9020,7,10
611,9018,8,2
612,9008,3,10
613,8988,9,20
614,8988,17,0
615,8984,2,4
616,8978,3,6
617,8968,2,10
618,8964,0,4
619,8955,5,9
620,8946,0,9
621,8943,5,3
622,8933,6,10
623,8927,21,6
624,8925,5,2
625,8921,3,4
626,8915,5,6
627,8909,5,6
628,8897,0,12
629,8894,5,3
630,8891,5,3
631,8876,5,15
632,8872,1,4
633,8860,7,12
634,8856,2,4
635,8845,6,11
636,8835,6,10
637,8829,8,6
638,8828,5,1
639,8814,8,14
640,8811,2,3
641,8805,5,6
642,8801,1,4
643,8797,5,4
644,8797,0,0
645,8774,10,23
646,8763,5,11
647,8763,0,0
648,8758,2,5
649,8749,2,9
650,8739,22,10
651,8738,13,1
652,8734,0,4
653,8728,6,6
654,8725,10,3
655,8714,2,11
656,8714,2,0
657,8710,2,4
658,8703,5,7
659,8703,17,0
660,8698,3,5
661,8691,5,7
662,8686,0,5
663,8686,13,0
664,8681,5,5
665,8678,6,3
666,8678,7,0
667,8674,9,4
668,8670,5,4
669,8665,13,5
670,8662,14,3
671,8653,8,9
672,8651,6,2
673,8648,23,3
674,8648,12,0
675,8648,8,0
676,8647,4,1
677,8643,6,4
678,8635,8,8
679,8628,6,7
680,8611,8,17
681,8602,5,9
682,8595,0,7
683,8587,2,8
684,8581,0,6
685,8570,5,11
686,8561,0,9
687,8553,0,8
688,8542,9,11
689,8542,4,0
690,8540,9,2
691,8529,3,11
692,8519,0,10
693,8519,4,0
694,8511,7,8
695,8506,6,5
696,8504,10,2
697,8497,5,7
698,8491,2,6
699,8478,9,13
700,8475,9,3
701,8475,8,0
702,8469,3,6
703,8462,7,7
704,8453,0,9
705,8452,20,1
706,8450,6,2
707,8437,7,13
708,8429,7,8
709,8421,2,8
710,8417,7,4
711,8407,12,10
712,8396,5,11
713,8393,2,3
714,8390,5,3
715,8385,10,5
716,8385,10,0
717,8385,3,0
718,8384,11,1
719,8377,7,7
720,8376,6,1
721,8361,3,15
722,8346,1,15
723,8337,5,9
724,8334,12,3
725,8329,19,5
726,8329,5,0
727,8325,2,4
728,8321,13,4
729,8314,12,7
730,8310,1,4
731,8306,6,4
732,8303,11,3
733,8296,1,7
734,8295,14,1
735,8291,9,4
736,8289,14,2
737,8289,6,0
738,8281,6,8
739,8275,0,6
740,8272,18,3
741,8257,4,15
742,8257,8,0
743,8250,8,7
744,8241,8,9
745,8235,5,6
746,8235,22,0
747,8228,0,7
748,8219,16,9
749,8216,11,3
750,8206,6,10
751,8201,19,5
752,8180,5,21
753,8172,5,8
754,8166,5,6
755,8157,15,9
756,8157,12,0
757,8147,0,10
758,8147,3,0
759,8138,3,9
760,8137,13,1
761,8133,3,4
762,8128,16,5
763,8121,5,7
764,8112,6,9
765,8112,14,0
766,8104,17,8
767,8080,9,24
768,8069,5,11
769,8061,3,8
770,8053,7,8
771,8053,0,0
772,8044,1,9
773,8038,6,6
774,8025,8,13
775,8019,6,6
776,8019,5,0
777,8007,11,12
778,8001,9,6
779,8000,5,1
780,7992,4,8
781,7988,3,4
782,7970,13,18
783,7966,4,4
784,7956,6,10
785,7940,8,16
786,7938,4,2
787,7913,0,25
788,7908,0,5
789,7905,4,3
790,7892,2,13
791,7888,9,4
792,7868,2,20
793,7860,4,8
794,7848,3,12
795,7840,1,8
796,7837,7,3
797,7834,7,3
798,7832,0,2
799,7827,3,5
800,7811,0,16
801,7804,3,7
802,7788,1,16
803,7783,5,5
804,7780,6,3
805,7774,1,6
806,7767,5,7
807,7760,7,7
808,7759,7,1
809,7757,2,2
810,7745,7,12
811,7742,0,3
812,7738,14,4
813,7730,5,8
814,7721,7,9
815,7721,5,0
816,7721,0,0
817,7717,12,4
818,7709,5,8
819,7697,0,12
820,7684,10,13
821,7678,2,6
822,7675,0,3
823,7665,0,10
824,7656,8,9
825,7647,0,9
826,7644,6,3
827,7642,5,2
828,7632,6,10
829,7632,15,0
830,7629,1,3
831,7626,11,3
832,7626,5,0
833,7603,3,23
834,7588,0,15
835,7586,10,2
836,7579,7,7
837,7574,16,5
838,7569,10,5
839,7564,1,5
840,7560,0,4
841,7553,5,7
842,7548,4,5
843,7548,13,0
844,7541,2,7
845,7539,5,2
846,7520,6,19
847,7511,4,9
848,7506,10,5
849,7503,0,3
850,7492,1,11
851,7486,4,6
852,7477,3,9
853,7466,1,11
854,7457,8,9
855,7442,3,15
856,7442,3,0
857,7436,12,6
858,7425,0,11
859,7425,2,0
860,7420,17,5
861,7415,1,5
862,7411,2,4
863,7396,13,15
864,7381,12,15
865,7375,14,6
866,7370,24,5
867,7370,1,0
868,7364,7,6
869,7357,6,7
870,7353,3,4
871,7346,6,7
872,7339,5,7
873,7330,6,9
874,7327,0,3
875,7324,5,3
876,7316,3,8
877,7304,1,12
878,7300,8,4
879,7299,7,1
880,7291,0,8
881,7278,6,13
882,7274,8,4
883,7269,5,5
884,7258,5,11
885,7250,13,8
886,7248,1,2
887,7239,0,9
888,7234,7,5
889,7229,5,5
890,7225,6,4
891,7218,2,7
892,7212,11,6
893,7207,7,5
894,7202,15,5
895,7202,2,0
896,7197,1,5
897,7190,15,7
898,7190,1,0
899,7181,9,9
900,7172,3,9
901,7170,9,2
902,7157,0,13
903,7148,8,9
904,7146,25,2
905,7144,2,2
906,7130,6,14
907,7130,4,0
908,7130,12,0
909,7120,8,10
910,7114,12,6
911,7108,4,6
912,7107,3,1
913,7106,11,1
914,7102,6,4
915,7090,13,12
916,7090,1,0
917,7088,13,2
918,7083,7,5
919,7078,0,5
920,7074,4,4
921,7061,16,13
922,7054,1,7
923,7053,12,1
924,7041,10,12
925,7039,0,2
926,7039,4,0
927,7027,1,12
928,7027,0,0
929,7025,2,2
930,7025,0,0
931,7018,14,7
932,7010,5,8
933,7002,5,8
934,6991,17,11
935,6987,4,4
936,6983,6,4
937,6978,5,5
938,6976,0,2
939,6975,4,1
940,6970,0,5
941,6963,12,7
942,6958,19,5
943,6953,0,5
944,6950,1,3
945,6940,3,10
946,6936,15,4
947,6923,0,13
948,6919,13,4
949,6918,3,1
950,6912,12,6
951,6903,15,9
952,6899,5,4
953,6899,1,0
954,6886,0,13
955,6885,15,1
956,6882,5,3
957,6878,5,4
958,6864,0,14
959,6859,1,5
960,6851,12,8
961,6846,5,5
962,6824,7,22
963,6816,11,8
964,6812,0,4
965,6807,6,5
966,6803,2,4
967,6796,5,7
968,6790,5,6
969,6777,10,13
970,6770,5,7
971,6767,14,3
972,6762,1,5
973,6760,8,2
974,6754,5,6
975,6742,2,12
976,6737,10,5
977,6737,1,0
978,6714,6,23
979,6710,8,4
980,6710,10,0
981,6703,0,7
982,6698,2,5
983,6694,0,4
984,6684,4,10
985,6671,8,13
986,6666,6,5
987,6651,0,15
988,6649,3,2
989,6642,11,7
990,6635,8,7
991,6632,2,3
992,6625,6,7
993,6623,4,2
994,6609,5,14
995,6609,11,0
996,6609,8,0
997,6603,0,6
998,6603,0,0
999,6594,4,9
1000,6594,9,0
1001,6588,8,6
1002,6580,8,8
1003,6571,3,9
1004,6559,1,12
1005,6544,0,15
1006,6543,2,1
1007,6529,14,14
1008,6528,4,1
1009,6513,4,15
1010,6504,3,9
1011,6502,1,2
1012,6501,0,1
1013,6497,1,4
1014,6490,13,7
1015,6480,18,10
1016,6477,7,3
1017,6477,12,0
1018,6466,11,11
1019,6458,8,8
1020,6458,9,0
1021,6454,6,4
1022,6448,6,6
1023,6443,0,5
1024,6443,9,0
1025,6424,14,19
1026,6420,3,4
1027,6415,8,5
1028,6407,4,8
1029,6402,2,5
1030,6399,7,3
1031,6399,5,0
1032,6397,14,2
1033,6388,1,9
1034,6385,9,3
1035,6376,14,9
1036,6372,1,4
1037,6360,19,12
1038,6352,9,8
1039,6349,4,3
1040,6338,4,11
1041,6331,10,7
1042,6331,5,0
1043,6309,3,22
1044,6308,7,1
1045,6299,0,9
1046,6294,6,5
1047,6292,25,2
1048,6291,5,1
1049,6288,5,3
1050,6286,0,2
1051,6283,13,3
1052,6280,8,3
1053,6269,3,11
1054,6262,5,7
1055,6261,0,1
1056,6261,0,0
1057,6251,10,10
1058,6250,3,1
1059,6247,8,3
1060,6235,6,12
1061,6228,11,7
1062,6222,0,6
1063,6198,3,24
1064,6191,14,7
1065,6184,8,7
1066,6178,14,6
1067,6171,12,7
1068,6157,11,14
1069,6145,13,12
1070,6139,10,6
1071,6135,3,4
1072,6119,5,16
1073,6112,4,7
1074,6102,12,10
1075,6099,0,3
1076,6099,2,0
1077,6090,3,9
1078,6085,8,5
1079,6082,8,3
1080,6082,6,0
1081,6070,0,12
1082,6070,4,0
1083,6068,6,2
1084,6062,9,6
1085,6062,3,0
1086,6054,2,8
1087,6042,8,12
1088,6026,10,16
1089,6018,0,8
1090,6011,4,7
1091,6002,8,9
1092,5980,12,22
1093,5969,3,11
1094,5960,5,9
1095,5956,4,4
1096,5952,0,4
1097,5951,3,1
1098,5947,7,4
1099,5938,0,9
1100,5929,4,9
1101,5927,0,2
1102,5924,3,3
1103,5915,11,9
1104,5911,15,4
1105,5909,10,2
1106,5903,3,6
1107,5894,7,9
1108,5890,0,4
1109,5888,1,2
1110,5883,0,5
1111,5873,8,10
1112,5859,0,14
1113,5853,6,6
1114,5851,4,2
1115,5850,7,1
1116,5845,12,5
1117,5845,2,0
1118,5845,5,0
1119,5839,3,6
1120,5836,6,3
1121,5829,5,7
1122,5820,2,9
1123,5817,8,3
1124,5817,6,0
1125,5813,3,4
1126,5804,9,9
1127,5795,6,9
1128,5788,7,7
1129,5788,5,0
1130,5775,6,13
1131,5765,5,10
1132,5763,5,2
1133,5759,9,4
1134,5754,6,5
1135,5749,6,5
1136,5744,1,5
1137,5741,6,3
1138,5733,7,8
1139,5721,14,12
1140,5719,17,2
1141,5714,4,5
1142,5712,7,2
1143,5707,5,5
1144,5705,5,2
1145,5689,10,16
1146,5689,4,0
1147,5678,8,11
1148,5674,7,4
1149,5668,1,6
1150,5662,6,6
1151,5656,2,6
1152,5643,0,13
1153,5638,0,5
1154,5631,2,7
1155,5631,7,0
1156,5615,9,16
1157,5605,1,10
1158,5592,12,13
1159,5591,5,1
1160,5583,0,8
1161,5573,6,10
1162,5570,12,3
1163,5563,0,7
1164,5555,9,8
1165,5554,2,1
1166,5542,7,12
1167,5542,2,0
1168,5532,7,10
1169,5525,9,7
1170,5522,4,3
1171,5519,5,3
1172,5519,14,0
1173,5510,13,9
1174,5510,9,0
1175,5506,0,4
1176,5504,9,2
1177,5504,5,0
1178,5504,6,0
1179,5504,3,0
1180,5498,4,6
1181,5495,5,3
1182,5493,10,2
1183,5487,2,6
1184,5475,0,12
1185,5463,9,12
1186,5454,1,9
1187,5454,4,0
1188,5453,3,1
1189,5438,11,15
1190,5430,13,8
1191,5422,4,8
1192,5413,1,9
1193,5402,7,11
1194,5398,7,4
1195,5392,0,6
1196,5384,8,8
1197,5383,23,1
1198,5376,0,7
1199,5366,0,10
1200,5361,6,5
1201,5356,0,5
1202,5351,10,5
1203,5346,7,5
1204,5340,0,6
1205,5329,0,11
1206,5316,10,13
1207,5316,10,0
1208,5305,7,11
1209,5294,9,11
1210,5293,3,1
1211,5286,4,7
1212,5280,2,6
1213,5280,0,0
1214,5271,8,9
1215,5271,0,0
1216,5271,9,0
1217,5259,8,12
1218,5256,3,3
1219,5252,8,4
1220,5248,0,4
1221,5247,1,1
1222,5228,7,19
1223,5219,15,9
1224,5215,17,4
1225,5202,6,13
1226,5201,3,1
1227,5201,4,0
1228,5195,4,6
1229,5190,5,5
1230,5181,12,9
1231,5171,12,10
1232,5170,6,1
1233,5166,3,4
1234,5163,9,3
1235,5159,5,4
1236,5151,9,8
1237,5151,8,0
1238,5146,8,5
1239,5143,7,3
1240,5138,5,5
1241,5122,3,16
1242,5121,1,1
1243,5114,5,7
1244,5107,6,7
1245,5103,3,4
1246,5089,10,14
1247,5089,5,0
1248,5085,26,4
1249,5082,2,3
1250,5071,10,11
1251,5070,7,1
1252,5065,2,5
1253,5054,8,11
1254,5049,5,5
1255,5041,10,8
1256,5028,4,13
1257,5021,5,7
1258,5014,10,7
1259,5002,5,12
1260,5002,5,0
1261,5000,10,2
1262,4995,0,5
1263,4995,9,0
1264,4985,0,10
1265,4982,0,3
1266,4973,16,9
1267,4969,0,4
1268,4963,12,6
1269,4962,4,1
1270,4962,1,0
1271,4958,0,4
1272,4951,9,7
1273,4944,3,7
1274,4939,5,5
1275,4938,6,1
1276,4922,2,16
1277,4919,6,3
1278,4913,4,6
1279,4907,18,6
1280,4903,0,4
1281,4896,8,7
1282,4892,16,4
1283,4877,0,15
1284,4862,0,15
1285,4861,4,1
1286,4857,3,4
1287,4848,9,9
1288,4848,7,0
1289,4842,0,6
1290,4837,12,5
1291,4831,0,6
1292,4828,5,3
1293,4827,18,1
1294,4821,4,6
1295,4816,8,5
1296,4801,7,15
1297,4796,10,5
1298,4787,2,9
1299,4780,4,7
1300,4773,8,7
1301,4766,6,7
1302,4746,2,20
1303,4738,4,8
1304,4738,3,0
1305,4728,10,10
1306,4728,0,0
1307,4723,5,5
1308,4720,4,3
1309,4716,0,4
1310,4714,13,2
1311,4714,11,0
1312,4706,0,8
1313,4702,6,4
1314,4694,11,8
1315,4683,9,11
1316,4683,11,0
1317,4678,0,5
1318,4676,8,2
1319,4675,6,1
1320,4675,0,0
1321,4667,0,8
1322,4665,2,2
1323,4651,1,14
1324,4650,12,1
1325,4645,5,5
1326,4645,3,0
1327,4644,8,1
1328,4643,13,1
1329,4643,10,0
1330,4634,6,9
1331,4634,22,0
1332,4628,10,6
1333,4621,11,7
1334,4618,6,3
1335,4616,7,2
1336,4616,4,0
1337,4612,0,4
1338,4612,6,0
1339,4600,5,12
1340,4600,3,0
1341,4589,7,11
1342,4585,2,4
1343,4582,5,3
1344,4575,1,7
1345,4567,4,8
1346,4560,17,7
1347,4556,15,4
1348,4547,8,9
1349,4544,6,3
1350,4539,4,5
1351,4527,1,12
1352,4526,10,1
1353,4511,8,15
1354,4508,5,3
1355,4503,4,5
1356,4491,8,12
1357,4483,0,8
1358,4483,3,0
1359,4467,12,16
1360,4457,20,10
1361,4447,2,10
1362,4447,12,0
1363,4426,0,21
1364,4422,7,4
1365,4422,7,0
1366,4418,4,4
1367,4410,16,8
1368,4400,13,10
1369,4392,8,8
1370,4392,9,0
1371,4391,9,1
1372,4386,4,5
1373,4381,2,5
1374,4381,3,0
1375,4373,5,8
1376,4369,5,4
1377,4367,9,2
1378,4366,4,1
1379,4365,11,1
1380,4357,9,8
1381,4347,6,10
1382,4346,13,1
1383,4341,5,5
1384,4333,4,8
1385,4329,9,4
1386,4322,6,7
1387,4317,0,5
1388,4310,8,7
1389,4305,19,5
1390,4305,1,0
1391,4300,2,5
1392,4296,4,4
1393,4294,5,2
1394,4290,8,4
1395,4279,10,11
1396,4265,10,14
1397,4261,4,4
1398,4255,14,6
1399,4252,6,3
1400,4247,0,5
1401,4242,15,5
1402,4233,6,9
1403,4225,4,8
1404,4210,0,15
1405,4206,2,4
1406,4206,7,0
1407,4191,10,15
1408,4187,3,4
1409,4187,18,0
1410,4178,4,9
1411,4169,0,9
1412,4163,0,6
1413,4159,7,4
1414,4151,7,8
1415,4139,20,12
1416,4139,4,0
1417,4137,2,2
1418,4130,6,7
1419,4123,4,7
1420,4103,3,20
1421,4100,4,3
1422,4094,6,6
1423,4094,3,0
1424,4078,12,16
1425,4075,14,3
1426,4075,8,0
1427,4064,0,11
1428,4056,6,8
1429,4045,0,11
1430,4041,3,4
1431,4040,5,1
1432,4032,13,8
1433,4028,18,4
1434,4019,3,9
1435,4016,2,3
1436,4011,2,5
1437,4006,20,5
1438,3992,4,14
1439,3988,2,4
1440,3974,0,14
1441,3962,11,12
1442,3958,7,4
1443,3949,5,9
1444,3949,10,0
1445,3937,2,12
1446,3934,9,3
1447,3925,10,9
1448,3904,11,21
1449,3888,12,16
1450,3880,3,8
1451,3871,11,9
1452,3862,2,9
1453,3860,14,2
1454,3856,1,4
1455,3852,5,4
1456,3842,7,10
1457,3828,12,14
1458,3823,3,5
1459,3814,9,9
1460,3809,6,5
1461,3808,1,1
1462,3806,6,2
1463,3806,8,0
1464,3799,6,7
1465,3794,9,5
1466,3787,8,7
1467,3779,11,8
1468,3777,10,2
1469,3769,5,8
1470,3767,18,2
1471,3766,2,1
1472,3756,5,10
1473,3750,15,6
1474,3739,7,11
1475,3731,1,8
1476,3729,0,2
1477,3725,4,4
1478,3722,1,3
1479,3720,10,2
1480,3707,22,13
1481,3706,4,1
1482,3706,7,0
1483,3706,3,0
1484,3702,10,4
1485,3699,2,3
1486,3685,2,14
1487,3673,1,12
1488,3667,4,6
1489,3658,2,9
1490,3658,6,0
1491,3653,2,5
1492,3650,12,3
1493,3645,12,5
1494,3645,5,0
1495,3627,3,18
1496,3617,0,10
1497,3612,6,5
1498,3602,6,10
1499,3600,3,2
1500,3600,3,0
1501,3593,3,7
1502,3591,10,2
1503,3591,7,0
1504,3583,7,8
1505,3573,0,10
1506,3565,10,8
1507,3565,2,0
1508,3560,5,5
1509,3556,12,4
1510,3554,4,2
1511,3548,0,6
1512,3548,3,0
1513,3537,8,11
1514,3535,1,2
1515,3528,9,7
1516,3513,8,15
1517,3500,2,13
1518,3495,6,5
1519,3482,16,13
1520,3471,7,11
1521,3462,0,9
1522,3460,5,2
1523,3447,1,13
1524,3447,10,0
1525,3443,13,4
1526,3440,3,3
1527,3424,7,16
1528,3421,5,3
1529,3418,2,3
1530,3414,11,4
1531,3403,2,11
1532,3390,11,13
1533,3384,3,6
1534,3384,8,0
1535,3375,2,9
1536,3372,19,3
1537,3368,9,4
1538,3368,6,0
1539,3355,9,13
1540,3343,10,12
1541,3338,8,5
1542,3338,1,0
1543,3338,2,0
1544,3331,5,7
1545,3328,4,3
1546,3323,0,5
1547,3316,5,7
1548,3305,6,11
1549,3299,13,6
1550,3293,4,6
1551,3288,4,5
1552,3288,5,0
1553,3288,18,0
1554,3282,0,6
1555,3279,3,3
1556,3279,7,0
1557,3273,0,6
1558,3262,0,11
1559,3252,5,10
1560,3248,2,4
1561,3246,9,2
1562,3246,7,0
1563,3243,4,3
1564,3237,14,6
1565,3232,13,5
1566,3229,5,3
1567,3223,4,6
1568,3223,5,0
1569,3219,3,4
1570,3209,13,10
1571,3204,5,5
1572,3195,7,9
1573,3191,10,4
1574,3156,13,35
1575,3149,9,7
1576,3141,13,8
1577,3129,5,12
1578,3124,0,5
1579,3115,13,9
1580,3110,3,5
1581,3104,7,6
1582,3096,4,8
1583,3081,7,15
1584,3065,1,16
1585,3065,4,0
1586,3060,17,5
1587,3059,4,1
1588,3055,10,4
1589,3049,5,6
1590,3040,15,9
1591,3036,2,4
1592,3031,3,5
1593,3022,9,9
1594,3022,8,0
1595,3012,2,10
1596,2999,6,13
1597,2999,1,0
1598,2994,8,5
1599,2984,3,10
1600,2982,0,2
1601,2963,3,19
1602,2961,9,2
1603,2951,4,10
1604,2946,4,5
1605,2936,4,10
1606,2935,0,1
1607,2920,0,15
1608,2901,11,19
1609,2893,10,8
1610,2876,5,17
1611,2862,5,14
1612,2855,1,7
1613,2850,2,5
1614,2850,3,0
1615,2848,5,2
1616,2840,11,8
1617,2837,14,3
1618,2833,5,4
1619,2819,2,14
1620,2816,18,3
1621,2816,0,0
1622,2808,0,8
1623,2799,0,9
1624,2789,0,10
1625,2777,0,12
1626,2773,0,4
1627,2769,0,4
1628,2756,1,13
1629,2756,0,0
1630,2742,0,14
1631,2740,0,2
1632,2736,0,4
1633,2725,3,11
1634,2722,0,3
1635,2720,0,2
1636,2711,5,9
1637,2706,0,5
1638,2699,0,7
1639,2691,0,8
1640,2687,5,4
1641,2687,0,0
1642,2683,0,4
1643,2668,0,15
1644,2667,0,1
1645,2663,0,4
1646,2662,0,1
1647,2657,3,5
1648,2652,0,5
1649,2652,0,0
1650,2651,0,1
1651,2650,4,1
1652,2649,0,1
1653,2630,0,19
1654,2625,0,5
1655,2614,0,11
1656,2609,0,5
1657,2594,0,15
1658,2585,0,9
1659,2581,0,4
1660,2568,0,13
1661,2560,0,8
1662,2555,5,5
1663,2541,0,14
1664,2541,1,0
1665,2541,0,0
1666,2538,0,3
1667,2536,0,2
1668,2534,4,2
1669,2531,3,3
1670,2529,0,2
1671,2524,0,5
1672,2520,0,4
1673,2519,0,1
1674,2519,8,0
1675,2512,0,7
1676,2501,0,11
1677,2495,0,6
1678,2490,1,5
1679,2474,0,16
1680,2471,0,3
1681,2471,0,0
1682,2463,0,8
1683,2461,0,2
1684,2461,0,0
1685,2461,0,0
1686,2458,4,3
1687,2454,0,4
1688,2445,4,9
1689,2443,0,2
1690,2442,0,1
1691,2438,0,4
1692,2433,0,5
1693,2430,0,3
1694,2426,5,4
1695,2423,0,3
1696,2421,0,2
1697,2421,0,0
1698,2412,0,9
1699,2408,0,4
1700,2399,0,9
1701,2392,0,7
1702,2383,1,9
1703,2383,0,0
1704,2381,0,2
1705,2376,0,5
1706,2371,0,5
1707,2367,3,4
1708,2364,0,3
1709,2359,0,5
1710,2356,0,3
1711,2356,0,0
1712,2348,0,8
1713,2344,3,4
1714,2341,6,3
1715,2336,2,5
1716,2336,5,0
1717,2335,0,1
1718,2324,0,11
1719,2321,0,3
1720,2314,0,7
1721,2314,0,0
1722,2309,0,5
1723,2306,0,3
1724,2302,0,4
1725,2297,0,5
1726,2295,0,2
1727,2288,0,7
1728,2288,0,0
1729,2283,0,5
1730,2283,0,0
1731,2278,0,5
1732,2274,0,4
1733,2274,0,0
1734,2274,0,0
1735,2269,6,5
1736,2264,0,5
1737,2263,5,1
1738,2262,0,1
1739,2258,4,4
1740,2257,0,1
1741,2244,0,13
1742,2244,0,0
1743,2241,0,3
1744,2233,0,8
1745,2233,0,0
1746,2233,0,0
1747,2228,0,5
1748,2227,1,1
1749,2227,6,0
1750,2224,0,3
1751,2224,0,0
1752,2224,0,0
1753,2219,0,5
1754,2219,4,0
1755,2219,0,0
1756,2218,0,1
1757,2218,0,0
1758,2210,0,8
1759,2210,0,0
1760,2210,0,0
1761,2210,0,0
1762,2210,0,0
1763,2210,0,0
1764,2210,0,0
1765,2205,0,5
1766,2204,0,1
1767,2201,2,3
1768,2185,0,16
1769,2184,0,1
1770,2179,0,5
1771,2174,0,5
1772,2166,0,8
1773,2166,0,0
1774,2162,0,4
1775,2154,0,8
1776,2154,9,0
1777,2154,3,0
1778,2154,0,0
1779,2154,3,0
1780,2154,0,0
1781,2154,0,0
1782,2154,1,0
1783,2149,0,5
1784,2144,0,5
1785,2141,4,3
1786,2141,0,0
1787,2141,0,0
1788,2141,0,0
1789,2141,0,0
1790,2141,0,0
1791,2137,0,4
1792,2129,6,8
1793,2129,0,0
1794,2129,0,0
1795,2124,0,5
1796,2124,0,0
1797,2124,0,0
1798,2124,0,0
1799,2121,0,3
1800,2120,0,1
1801,2120,0,0
1802,2120,0,0
1803,2120,0,0
1804,2120,1,0
1805,2115,0,5
1806,2115,0,0
1807,2115,0,0
1808,2111,3,4
1809,2110,0,1
1810,2106,0,4
1811,2106,0,0
1812,2106,0,0
1813,2106,0,0
1814,2106,0,0
1815,2106,0,0
1816,2106,0,0
1817,2106,3,0
1818,2106,0,0
1819,2106,0,0
1820,2106,0,0
1821,2106,0,0
1822,2102,0,4
1823,2096,0,6
1824,2092,1,4
1825,2092,0,0
1826,2087,0,5
1827,2087,0,0
1828,2087,0,0
1829,2087,0,0
1830,2087,0,0
1831,2085,1,2
1832,2085,0,0
1833,2085,5,0
1834,2082,0,3
1835,2082,3,0
1836,2079,0,3
1837,2079,0,0
1838,2075,0,4
1839,2074,4,1
1840,2071,0,3
1841,2071,0,0
1842,2071,0,0
1843,2069,2,2
1844,2066,2,3
1845,2066,0,0
1846,2066,0,0
1847,2066,0,0
1848,2066,0,0
1849,2064,0,2
1850,2064,0,0
1851,2063,0,1
1852,2063,0,0
1853,2059,0,4
1854,2056,0,3
1855,2056,0,0
1856,2056,0,0
1857,2056,1,0
1858,2056,0,0
1859,2056,4,0
1860,2056,0,0
1861,2056,0,0
1862,2056,0,0
1863,2056,0,0
1864,2056,1,0
1865,2056,0,0
1866,2056,3,0
1867,2052,5,4
1868,2047,0,5
1869,2047,0,0
1870,2041,0,6
1871,2041,0,0
1872,2041,0,0
1873,2041,4,0
1874,2041,0,0
1875,2041,0,0
1876,2038,0,3
1877,2037,0,1
1878,2037,5,0
1879,2037,0,0
1880,2037,0,0
1881,2032,1,5
1882,2032,5,0
1883,2032,0,0
1884,2032,0,0
1885,2032,1,0
1886,2023,0,9
1887,2023,0,0
1888,2023,0,0
1889,2023,0,0
1890,2023,0,0
1891,2023,0,0
1892,2023,2,0
1893,2023,0,0
1894,2021,0,2
1895,2021,0,0
1896,2021,4,0
1897,2021,0,0
1898,2021,0,0
1899,2021,0,0
1900,2021,0,0
1901,2021,0,0
1902,2021,0,0
1903,2021,0,0
1904,2021,3,0
1905,2021,0,0
1906,2021,0,0
1907,2019,0,2
1908,2018,0,1
1909,2018,0,0
1910,2018,0,0
1911,2018,0,0
1912,2018,0,0
1913,2018,0,0
1914,2013,2,5
1915,2013,9,0
1916,2013,0,0
1917,2013,0,0
1918,2013,0,0
1919,2013,4,0
1920,2013,0,0
1921,2012,0,1
1922,2012,0,0
1923,2012,0,0
1924,2012,0,0
1925,2012,0,0
1926,2009,0,3
1927,2009,0,0
1928,2009,1,0
1929,2008,0,1
1930,2008,0,0
1931,2008,0,0
1932,2008,8,0
1933,2008,0,0
1934,2008,0,0
1935,2008,0,0
1936,2008,0,0
1937,2008,0,0
1938,2003,0,5
1939,2000,0,3
1940,2000,5,0
1941,2000,0,0
1942,2000,0,0
1943,2000,0,0
1944,1995,0,5
1945,1994,0,1
1946,1994,1,0
1947,1994,0,0
1948,1991,0,3
1949,1991,0,0
1950,1990,0,1
1951,1990,5,0
1952,1990,0,0
1953,1990,0,0
1954,1990,0,0
1955,1990,0,0
1956,1990,4,0
1957,1990,0,0
1958,1990,0,0
1959,1988,0,2
1960,1988,0,0
1961,1988,0,0
1962,1988,0,0
1963,1988,0,0
1964,1988,0,0
1965,1987,0,1
1966,1984,4,3
1967,1984,0,0
1968,1980,0,4
1969,1980,9,0
1970,1980,0,0
1971,1980,0,0
1972,1980,0,0
1973,1980,5,0
1974,1980,0,0
1975,1980,0,0
1976,1975,0,5
1977,1975,0,0
1978,1975,0,0
1979,1975,0,0
1980,1970,9,5
1981,1970,0,0
1982,1970,0,0
1983,1970,0,0
1984,1966,5,4
1985,1966,2,0
1986,1960,2,6
1987,1960,4,0
1988,1960,0,0
1989,1959,0,1
1990,1956,0,3
1991,1952,0,4
1992,1952,0,0
1993,1952,0,0
1994,1952,0,0
1995,1952,0,0
1996,1952,0,0
1997,1952,0,0
1998,1952,2,0
1999,1952,0,0
2000,1952,0,0
2001,1952,0,0
2002,1952,0,0
2003,1952,0,0
2004,1952,0,0
2005,1952,0,0
2006,1952,0,0
2007,1952,0,0
2008,1947,0,5
2009,1947,0,0
2010,1947,0,0
2011,1947,0,0
2012,1947,0,0
2013,1947,1,0
2014,1945,0,2
2015,1943,0,2
2016,1943,0,0
2017,1939,0,4
2018,1939,0,0
2019,1939,0,0
2020,1936,0,3
2021,1931,2,5
2022,1931,0,0
2023,1931,0,0
2024,1931,0,0
2025,1927,0,4
2026,1927,0,0
2027,1927,0,0
2028,1927,0,0
2029,1927,0,0
2030,1925,0,2
2031,1925,0,0
2032,1925,0,0
2033,1925,2,0
2034,1925,0,0
2035,1925,0,0
2036,1925,3,0
2037,1925,0,0
2038,1925,2,0
2039,1925,0,0
2040,1925,0,0
2041,1925,0,0
2042,1925,0,0
2043,1916,0,9
2044,1911,0,5
2045,1911,0,0
2046,1911,0,0
2047,1911,0,0
2048,1911,0,0
2049,1911,0,0
2050,1911,2,0
2051,1911,3,0
2052,1911,3,0
2053,1911,0,0
2054,1911,0,0
2055,1911,0,0
2056,1911,2,0
2057,1911,0,0
2058,1911,0,0
2059,1909,1,2
2060,1909,0,0
2061,1909,5,0
2062,1909,0,0
2063,1909,0,0
2064,1907,0,2
2065,1907,0,0
2066,1907,0,0
2067,1907,0,0
2068,1907,0,0
2069,1904,0,3
2070,1904,0,0
2071,1904,0,0
2072,1904,0,0
2073,1902,2,2
2074,1899,0,3
2075,1899,0,0
2076,1899,1,0
2077,1899,0,0
2078,1894,0,5
2079,1894,0,0
2080,1894,0,0
2081,1894,0,0
2082,1890,2,4
2083,1890,0,0
2084,1890,1,0
2085,1889,0,1
2086,1889,0,0
2087,1889,0,0
2088,1886,5,3
2089,1886,0,0
2090,1886,0,0
2091,1886,0,0
2092,1886,8,0
2093,1886,0,0
2094,1886,0,0
2095,1886,0,0
2096,1886,0,0
2097,1884,0,2
2098,1884,0,0
2099,1882,0,2
2100,1882,0,0
2101,1882,0,0
2102,1882,0,0
2103,1882,3,0
2104,1882,0,0
2105,1882,0,0
2106,1882,3,0
2107,1882,0,0
2108,1882,0,0
2109,1882,0,0
2110,1879,0,3
2111,1878,0,1
2112,1878,0,0
2113,1878,0,0
2114,1878,0,0
2115,1878,0,0
2116,1878,0,0
2117,1878,0,0
2118,1878,0,0
2119,1878,0,0
2120,1878,0,0
2121,1878,0,0
2122,1878,0,0
2123,1878,0,0
2124,1878,0,0
2125,1878,0,0
2126,1878,0,0
2127,1876,0,2
2128,1876,0,0
2129,1876,2,0
2130,1876,2,0
2131,1872,0,4
2132,1872,0,0
2133,1872,0,0
2134,1872,0,0
2135,1872,4,0
2136,1872,0,0
2137,1871,0,1
2138,1871,0,0
2139,1871,0,0
2140,1871,0,0
2141,1871,0,0
2142,1871,0,0
2143,1871,0,0
2144,1871,0,0
2145,1871,0,0
2146,1869,0,2
2147,1869,0,0
2148,1869,0,0
2149,1869,0,0
2150,1869,9,0
2151,1869,0,0
2152,1867,0,2
2153,1867,0,0
2154,1867,0,0
2155,1867,0,0
2156,1867,0,0
2157,1867,0,0
2158,1867,0,0
2159,1862,0,5
2160,1862,0,0
2161,1862,0,0
2162,1860,0,2
2163,1856,0,4
2164,1853,0,3
2165,1853,0,0
2166,1853,0,0
2167,1853,0,0
2168,1853,0,0
2169,1853,0,0
2170,1853,0,0
2171,1848,2,5
2172,1848,0,0
2173,1848,0,0
2174,1848,0,0
2175,1845,0,3
2176,1843,0,2
2177,1843,1,0
2178,1843,0,0
2179,1839,0,4
2180,1839,0,0
2181,1839,0,0
2182,1839,0,0
2183,1838,0,1
2184,1838,0,0
2185,1838,1,0
2186,1837,0,1
2187,1837,0,0
2188,1837,0,0
2189,1837,0,0
2190,1837,0,0
2191,1837,0,0
2192,1837,0,0
2193,1833,4,4
2194,1833,0,0
2195,1833,0,0
2196,1833,3,0
2197,1833,6,0
2198,1833,3,0
2199,1823,0,10
2200,1823,5,0
2201,1823,0,0
2202,1823,0,0
2203,1823,0,0
2204,1823,0,0
2205,1823,0,0
2206,1823,5,0
2207,1823,0,0
2208,1823,7,0
2209,1823,0,0
2210,1820,0,3
2211,1820,0,0
2212,1818,0,2
2213,1818,4,0
2214,1818,0,0
2215,1818,0,0
2216,1818,0,0
2217,1818,0,0
2218,1818,0,0
2219,1818,0,0
2220,1817,0,1
2221,1817,0,0
2222,1817,0,0
2223,1817,1,0
2224,1812,0,5
2225,1812,0,0
2226,1808,0,4
2227,1805,0,3
2228,1805,0,0
2229,1805,0,0
2230,1805,0,0
2231,1805,3,0
2232,1805,0,0
2233,1804,2,1
2234,1804,0,0
2235,1804,0,0
2236,1804,1,0
2237,1804,0,0
2238,1804,0,0
2239,1804,0,0
2240,1804,0,0
2241,1804,0,0
2242,1804,0,0
2243,1804,0,0
2244,1800,0,4
2245,1800,0,0
2246,1800,2,0
2247,1800,0,0
2248,1800,0,0
2249,1800,0,0
2250,1800,3,0
2251,1800,0,0
2252,1800,0,0
2253,1800,0,0
2254,1800,5,0
2255,1800,0,0
2256,1800,0,0
2257,1800,0,0
2258,1800,0,0
2259,1798,0,2
2260,1798,0,0
2261,1796,0,2
2262,1796,0,0
2263,1796,0,0
2264,1796,0,0
2265,1796,0,0
2266,1796,0,0
2267,1796,0,0
2268,1796,0,0
2269,1796,0,0
2270,1796,0,0
2271,1793,0,3
2272,1793,0,0
2273,1793,0,0
2274,1793,0,0
2275,1793,0,0
2276,1793,0,0
2277,1793,0,0
2278,1791,0,2
2279,1791,2,0
2280,1791,0,0
2281,1791,2,0
2282,1791,0,0
2283,1789,0,2
2284,1789,0,0
2285,1784,0,5
2286,1784,5,0
2287,1784,0,0
2288,1784,0,0
2289,1784,0,0
2290,1784,0,0
2291,1784,0,0
2292,1784,4,0
2293,1784,0,0
2294,1784,0,0
2295,1784,4,0
2296,1784,1,0
2297,1784,0,0
2298,1782,0,2
2299,1782,0,0
2300,1782,1,0
2301,1782,0,0
2302,1782,0,0
2303,1782,0,0
2304,1782,0,0
2305,1774,2,8
2306,1774,0,0
2307,1774,1,0
2308,1770,1,4
2309,1770,1,0
2310,1770,2,0
2311,1770,0,0
2312,1769,0,1
2313,1769,0,0
2314,1765,0,4
2315,1765,0,0
2316,1765,0,0
2317,1765,2,0
2318,1765,0,0
2319,1762,0,3
2320,1761,0,1
2321,1761,0,0
2322,1759,0,2
2323,1759,4,0
2324,1759,0,0
2325,1759,0,0
2326,1759,2,0
2327,1759,0,0
2328,1759,4,0
2329,1759,2,0
2330,1759,1,0
2331,1759,0,0
2332,1759,0,0
2333,1759,0,0
2334,1759,0,0
2335,1759,4,0
2336,1759,0,0
2337,1759,0,0
2338,1759,0,0
2339,1759,0,0
2340,1759,0,0
2341,1759,0,0
2342,1759,0,0
2343,1756,3,3
2344,1756,0,0
2345,1756,0,0
2346,1756,0,0
2347,1756,0,0
2348,1754,4,2
2349,1754,0,0
2350,1754,0,0
2351,1754,0,0
2352,1754,0,0
2353,1754,3,0
2354,1754,0,0
2355,1750,0,4
2356,1750,3,0
2357,1750,1,0
2358,1750,0,0
2359,1747,0,3
2360,1745,0,2
2361,1745,0,0
2362,1743,0,2
2363,1738,0,5
2364,1736,0,2
2365,1735,0,1
2366,1735,7,0
2367,1735,0,0
2368,1735,4,0
2369,1735,0,0
2370,1731,0,4
2371,1731,1,0
2372,1731,0,0
2373,1727,0,4
2374,1727,0,0
2375,1727,0,0
2376,1727,0,0
2377,1727,0,0
2378,1727,0,0
2379,1727,0,0
2380,1727,0,0
2381,1725,0,2
2382,1725,0,0
2383,1725,3,0
2384,1721,0,4
2385,1721,0,0
2386,1721,0,0
2387,1721,0,0
2388,1721,0,0
2389,1721,3,0
2390,1721,0,0
2391,1719,0,2
2392,1713,0,6
2393,1709,5,4
2394,1709,0,0
2395,1706,0,3
2396,1706,0,0
2397,1703,0,3
2398,1703,0,0
2399,1703,0,0
2400,1703,0,0
2401,1702,0,1
2402,1702,0,0
2403,1702,0,0
2404,1702,0,0
2405,1702,0,0
2406,1702,2,0
2407,1702,0,0
2408,1702,0,0
2409,1702,0,0
2410,1702,0,0
2411,1702,2,0
2412,1698,6,4
2413,1694,0,4
2414,1694,0,0
2415,1694,0,0
2416,1694,0,0
2417,1694,0,0
2418,1694,5,0
2419,1694,0,0
2420,1694,0,0
2421,1694,2,0
2422,1694,2,0
2423,1694,0,0
2424,1694,0,0
2425,1694,2,0
2426,1694,0,0
2427,1694,1,0
2428,1694,0,0
2429,1694,0,0
2430,1693,0,1
2431,1693,0,0
2432,1693,0,0
2433,1693,0,0
2434,1693,0,0
2435,1693,12,0
2436,1693,0,0
2437,1693,0,0
2438,1693,0,0
2439,1690,0,3
2440,1690,0,0
2441,1690,0,0
2442,1690,0,0
2443,1685,0,5
2444,1685,0,0
2445,1685,0,0
2446,1685,0,0
2447,1685,0,0
2448,1685,0,0
2449,1685,1,0
2450,1685,0,0
2451,1685,0,0
2452,1685,0,0
2453,1685,0,0
2454,1685,2,0
2455,1685,0,0
2456,1685,0,0
2457,1685,0,0
2458,1685,0,0
2459,1681,4,4
2460,1681,1,0
2461,1681,5,0
2462,1681,0,0
2463,1681,0,0
2464,1681,0,0
2465,1681,0,0
2466,1681,0,0
2467,1681,0,0
2468,1681,0,0
2469,1681,0,0
2470,1681,5,0
2471,1681,0,0
2472,1681,3,0
2473,1681,3,0
2474,1681,1,0
2475,1681,0,0
2476,1681,0,0
2477,1676,0,5
2478,1676,0,0
2479,1676,0,0
2480,1676,0,0
2481,1676,1,0
2482,1674,0,2
2483,1674,2,0
2484,1674,5,0
2485,1674,3,0
2486,1674,2,0
2487,1674,1,0
2488,1674,0,0
2489,1674,0,0
2490,1674,0,0
2491,1674,0,0
2492,1674,0,0
2493,1672,0,2
2494,1672,0,0
2495,1672,0,0
2496,1672,0,0
2497,1672,0,0
2498,1672,3,0
2499,1672,0,0
2500,1672,0,0
2501,1669,0,3
2502,1665,3,4
2503,1660,0,5
2504,1660,0,0
2505,1660,0,0
2506,1660,0,0
2507,1658,0,2
2508,1655,0,3
2509,1655,0,0
2510,1655,0,0
2511,1655,0,0
2512,1655,0,0
2513,1655,0,0
2514,1653,0,2
2515,1652,0,1
2516,1652,0,0
2517,1652,3,0
2518,1648,0,4
2519,1648,0,0
2520,1646,0,2
2521,1646,4,0
2522,1646,0,0
2523,1646,0,0
2524,1646,4,0
2525,1646,0,0
2526,1646,0,0
2527,1646,0,0
2528,1646,0,0
2529,1646,0,0
2530,1646,0,0
2531,1646,0,0
2532,1646,0,0
2533,1646,0,0
2534,1643,0,3
2535,1643,2,0
2536,1643,0,0
2537,1643,0,0
2538,1643,0,0
2539,1643,0,0
2540,1639,0,4
2541,1639,0,0
2542,1639,0,0
2543,1639,0,0
2544,1639,0,0
2545,1639,0,0
2546,1639,2,0
2547,1639,0,0
2548,1639,0,0
2549,1639,0,0
2550,1639,3,0
2551,1639,0,0
2552,1637,0,2
2553,1637,0,0
2554,1633,0,4
2555,1631,0,2
2556,1631,0,0
2557,1631,0,0
2558,1631,0,0
2559,1630,0,1
2560,1630,0,0
2561,1625,0,5
2562,1625,0,0
2563,1625,0,0
2564,1625,0,0
2565,1625,0,0
2566,1621,0,4
2567,1621,1,0
2568,1621,0,0
2569,1621,0,0
2570,1614,0,7
2571,1614,5,0
2572,1614,0,0
2573,1614,0,0
2574,1614,4,0
2575,1611,0,3
2576,1611,2,0
2577,1611,0,0
2578,1607,0,4
2579,1607,0,0
2580,1607,0,0
2581,1607,0,0
2582,1604,0,3
2583,1602,0,2
2584,1602,0,0
2585,1602,5,0
2586,1597,0,5
2587,1595,0,2
2588,1595,0,0
2589,1595,0,0
2590,1590,0,5
2591,1590,0,0
2592,1590,0,0
2593,1590,0,0
2594,1590,0,0
2595,1590,0,0
2596,1590,3,0
2597,1590,0,0
2598,1590,0,0
2599,1590,5,0
2600,1590,4,0
2601,1590,0,0
2602,1588,0,2
2603,1588,0,0
2604,1588,0,0
2605,1587,0,1
2606,1587,3,0
2607,1587,0,0
2608,1587,0,0
2609,1587,0,0
2610,1587,5,0
2611,1587,0,0
2612,1587,0,0
2613,1587,0,0
2614,1587,3,0
2615,1587,4,0
2616,1587,0,0
2617,1587,3,0
2618,1584,0,3
2619,1584,0,0
2620,1584,0,0
2621,1581,0,3
2622,1581,1,0
2623,1578,0,3
2624,1578,2,0
2625,1578,0,0
2626,1578,0,0
2627,1578,0,0
2628,1578,0,0
2629,1578,0,0
2630,1575,0,3
2631,1575,0,0
2632,1574,0,1
2633,1574,0,0
2634,1574,0,0
2635,1574,0,0
2636,1572,5,2
2637,1572,2,0
2638,1572,0,0
2639,1565,0,7
2640,1565,0,0
2641,1565,0,0
2642,1565,0,0
2643,1565,0,0
2644,1565,0,0
2645,1565,0,0
2646,1565,0,0
2647,1565,0,0
2648,1565,4,0
2649,1565,0,0
2650,1565,0,0
2651,1565,0,0
2652,1565,0,0
2653,1565,0,0
2654,1565,0,0
2655,1563,0,2
2656,1563,0,0
2657,1563,0,0
2658,1563,0,0
2659,1563,0,0
2660,1563,0,0
2661,1563,1,0
2662,1563,0,0
2663,1563,0,0
2664,1563,0,0
2665,1559,0,4
2666,1559,0,0
2667,1559,0,0
2668,1556,0,3
2669,1554,1,2
2670,1554,0,0
2671,1554,0,0
2672,1554,0,0
2673,1554,0,0
2674,1554,0,0
2675,1551,0,3
2676,1551,0,0
2677,1551,0,0
2678,1551,0,0
2679,1550,0,1
2680,1550,3,0
2681,1549,0,1
2682,1549,0,0
2683,1544,0,5
2684,1544,0,0
2685,1544,0,0
2686,1544,0,0
2687,1544,0,0
2688,1544,0,0
2689,1544,0,0
2690,1544,0,0
2691,1544,0,0
2692,1541,0,3
2693,1541,1,0
2694,1541,0,0
2695,1541,0,0
2696,1541,0,0
2697,1541,0,0
2698,1541,0,0
2699,1541,0,0
2700,1541,0,0
2701,1541,3,0
2702,1541,0,0
2703,1541,0,0
2704,1541,0,0
2705,1541,0,0
2706,1533,0,8
2707,1532,0,1
2708,1532,0,0
2709,1532,0,0
2710,1532,0,0
2711,1531,0,1
2712,1531,0,0
2713,1531,0,0
2714,1528,0,3
2715,1528,0,0
2716,1527,0,1
2717,1522,0,5
2718,1522,0,0
2719,1522,2,0
2720,1522,0,0
2721,1522,8,0
2722,1522,4,0
2723,1522,0,0
2724,1522,0,0
2725,1522,0,0
2726,1522,0,0
2727,1522,0,0
2728,1522,2,0
2729,1518,0,4
2730,1518,5,0
2731,1518,0,0
2732,1518,0,0
2733,1518,0,0
2734,1518,0,0
2735,1518,0,0
2736,1518,3,0
2737,1518,0,0
2738,1518,0,0
2739,1518,0,0
2740,1518,5,0
2741,1518,0,0
2742,1518,0,0
2743,1518,0,0
2744,1518,0,0
2745,1518,0,0
2746,1518,0,0
2747,1518,0,0
2748,1516,0,2
2749,1510,0,6
2750,1509,0,1
2751,1509,3,0
2752,1509,0,0
2753,1509,0,0
2754,1509,0,0
2755,1508,0,1
2756,1508,0,0
2757,1508,0,0
2758,1508,0,0
2759,1508,0,0
2760,1508,0,0
2761,1508,0,0
2762,1508,0,0
2763,1501,0,7
2764,1501,0,0
2765,1501,3,0
2766,1501,5,0
2767,1501,0,0
2768,1501,0,0
2769,1499,0,2
2770,1499,0,0
2771,1499,5,0
2772,1499,0,0
2773,1499,0,0
2774,1499,0,0
2775,1499,4,0
2776,1499,0,0
2777,1499,0,0
2778,1499,0,0
2779,1499,0,0
2780,1499,0,0
2781,1499,0,0
2782,1499,0,0
2783,1499,1,0
2784,1499,0,0
2785,1499,0,0
2786,1499,0,0
2787,1499,0,0
2788,1499,3,0
2789,1494,0,5
2790,1494,0,0
2791,1494,0,0
2792,1494,1,0
2793,1487,0,7
2794,1487,6,0
2795,1487,0,0
2796,1487,0,0
2797,1487,1,0
2798,1487,0,0
2799,1487,3,0
2800,1487,0,0
2801,1487,0,0
2802,1487,0,0
2803,1487,5,0
2804,1487,0,0
2805,1487,0,0
2806,1487,4,0
2807,1487,0,0
2808,1487,0,0
2809,1487,0,0
2810,1487,0,0
2811,1487,0,0
2812,1487,0,0
2813,1483,0,4
2814,1478,0,5
2815,1478,0,0
2816,1478,0,0
2817,1478,4,0
2818,1478,0,0
2819,1478,0,0
2820,1473,0,5
2821,1473,0,0
2822,1473,0,0
2823,1473,0,0
2824,1472,0,1
2825,1472,0,0
2826,1472,0,0
2827,1472,0,0
2828,1472,0,0
2829,1472,0,0
2830,1472,3,0
2831,1469,0,3
2832,1469,0,0
2833,1469,0,0
2834,1469,0,0
2835,1469,8,0
2836,1469,0,0
2837,1469,0,0
2838,1469,3,0
2839,1469,0,0
2840,1469,0,0
2841,1469,0,0
2842,1469,0,0
2843,1469,0,0
2844,1469,0,0
2845,1469,0,0
2846,1469,0,0
2847,1466,0,3
2848,1466,0,0
2849,1466,0,0
2850,1466,0,0
2851,1463,0,3
2852,1458,5,5
2853,1458,0,0
2854,1457,0,1
2855,1457,0,0
2856,1457,0,0
2857,1457,0,0
2858,1457,0,0
2859,1457,0,0
2860,1457,0,0
2861,1457,0,0
2862,1457,0,0
2863,1457,0,0
2864,1457,0,0
2865,1457,5,0
2866,1456,0,1
2867,1456,0,0
2868,1454,0,2
2869,1454,0,0
2870,1454,0,0
2871,1454,0,0
2872,1451,4,3
2873,1451,0,0
2874,1451,5,0
2875,1451,5,0
2876,1448,0,3
2877,1445,0,3
2878,1445,0,0
2879,1442,0,3
2880,1442,0,0
2881,1442,0,0
2882,1442,0,0
2883,1442,1,0
2884,1442,0,0
2885,1442,0,0
2886,1436,0,6
2887,1436,0,0
2888,1436,4,0
2889,1436,0,0
2890,1436,0,0
2891,1436,3,0
2892,1436,0,0
2893,1436,0,0
2894,1436,0,0
2895,1436,0,0
2896,1436,0,0
2897,1436,0,0
2898,1436,0,0
2899,1433,0,3
2900,1433,0,0
2901,1433,5,0
2902,1433,0,0
2903,1433,0,0
2904,1428,0,5
2905,1424,0,4
2906,1424,0,0
2907,1424,0,0
2908,1424,4,0
2909,1424,0,0
2910,1424,0,0
2911,1424,0,0
2912,1424,7,0
2913,1424,0,0
2914,1420,0,4
2915,1420,0,0
2916,1420,0,0
2917,1420,0,0
2918,1420,0,0
2919,1420,3,0
2920,1420,0,0
2921,1420,0,0
2922,1420,3,0
2923,1415,0,5
2924,1415,0,0
2925,1415,0,0
2926,1415,0,0
2927,1415,0,0
2928,1415,0,0
2929,1415,0,0
2930,1415,0,0
2931,1414,0,1
2932,1414,0,0
2933,1410,0,4
2934,1410,7,0
2935,1410,0,0
2936,1410,2,0
2937,1410,0,0
2938,1410,0,0
2939,1410,0,0
2940,1410,0,0
2941,1410,0,0
2942,1410,4,0
2943,1410,0,0
2944,1410,0,0
2945,1410,1,0
2946,1410,0,0
2947,1407,0,3
2948,1407,0,0
2949,1402,2,5
2950,1402,0,0
2951,1402,3,0
2952,1397,0,5
2953,1397,0,0
2954,1397,0,0
2955,1397,0,0
2956,1397,0,0
2957,1397,2,0
2958,1397,3,0
2959,1396,0,1
2960,1396,0,0
2961,1396,0,0
2962,1396,0,0
2963,1396,0,0
2964,1396,0,0
2965,1396,0,0
2966,1396,0,0
2967,1394,0,2
2968,1394,4,0
2969,1394,0,0
2970,1390,0,4
2971,1389,5,1
2972,1386,0,3
2973,1386,5,0
2974,1386,2,0
2975,1386,0,0
2976,1386,0,0
2977,1386,0,0
2978,1386,0,0
2979,1386,0,0
2980,1386,0,0
2981,1386,4,0
2982,1386,0,0
2983,1386,0,0
2984,1376,0,10
2985,1376,0,0
2986,1376,1,0
2987,1376,0,0
2988,1376,2,0
2989,1376,0,0
2990,1372,0,4
2991,1372,0,0
2992,1372,0,0
2993,1372,0,0
2994,1372,0,0
2995,1372,0,0
2996,1372,0,0
2997,1372,4,0
2998,1371,0,1
2999,1371,0,0
3000,1368,2,3
3001,1364,0,4
3002,1364,0,0
3003,1364,0,0
3004,1364,0,0
3005,1364,4,0
3006,1364,0,0
3007,1364,0,0
3008,1364,1,0
3009,1362,0,2
3010,1362,8,0
3011,1362,0,0
3012,1362,0,0
3013,1362,0,0
3014,1362,0,0
3015,1362,0,0
3016,1362,0,0
3017,1362,0,0
3018,1362,0,0
3019,1357,0,5
3020,1357,0,0
3021,1357,0,0
3022,1357,1,0
3023,1354,0,3
3024,1354,0,0
3025,1354,0,0
3026,1353,2,1
3027,1353,0,0
3028,1353,0,0
3029,1353,4,0
3030,1353,0,0
3031,1353,0,0
3032,1353,0,0
3033,1353,0,0
3034,1353,5,0
3035,1353,0,0
3036,1353,2,0
3037,1353,0,0
3038,1350,5,3
3039,1350,5,0
3040,1343,0,7
3041,1343,0,0
3042,1343,0,0
3043,1343,0,0
3044,1338,0,5
3045,1334,0,4
3046,1334,0,0
3047,1334,4,0
3048,1329,0,5
3049,1328,1,1
3050,1328,0,0
3051,1328,0,0
3052,1328,9,0
3053,1328,0,0
3054,1328,0,0
3055,1328,0,0
3056,1328,0,0
3057,1328,0,0
3058,1328,0,0
3059,1324,0,4
3060,1324,0,0
3061,1321,0,3
3062,1321,0,0
3063,1321,0,0
3064,1321,0,0
3065,1321,0,0
3066,1317,0,4
3067,1317,0,0
3068,1317,1,0
3069,1317,0,0
3070,1317,4,0
3071,1317,0,0
3072,1317,0,0
3073,1313,0,4
3074,1313,0,0
3075,1312,0,1
3076,1312,0,0
3077,1312,3,0
3078,1312,0,0
3079,1312,0,0
3080,1307,4,5
3081,1307,0,0
3082,1307,0,0
3083,1307,0,0
3084,1307,0,0
3085,1307,0,0
3086,1307,0,0
3087,1307,0,0
3088,1307,0,0
3089,1307,0,0
3090,1307,0,0
3091,1302,0,5
3092,1300,0,2
3093,1300,1,0
3094,1300,0,0
3095,1300,3,0
3096,1300,0,0
3097,1300,5,0
3098,1300,0,0
3099,1300,0,0
3100,1297,0,3
3101,1297,0,0
3102,1297,0,0
3103,1293,0,4
3104,1293,0,0
3105,1293,3,0
3106,1293,0,0
3107,1292,7,1
3108,1292,0,0
3109,1292,0,0
3110,1290,0,2
3111,1290,0,0
3112,1290,0,0
3113,1286,0,4
3114,1281,0,5
3115,1281,0,0
3116,1281,0,0
3117,1281,0,0
3118,1281,0,0
3119,1279,0,2
3120,1275,0,4
3121,1274,4,1
3122,1274,1,0
3123,1274,5,0
3124,1274,0,0
3125,1271,0,3
3126,1271,2,0
3127,1271,0,0
3128,1271,5,0
3129,1270,2,1
3130,1270,0,0
3131,1266,0,4
3132,1266,0,0
3133,1266,0,0
3134,1266,0,0
3135,1266,0,0
3136,1266,0,0
3137,1266,0,0
3138,1266,0,0
3139,1266,0,0
3140,1266,0,0
3141,1266,0,0
3142,1263,0,3
3143,1261,0,2
3144,1261,0,0
3145,1258,0,3
3146,1254,0,4
3147,1254,4,0
3148,1254,0,0
3149,1254,5,0
3150,1254,0,0
3151,1254,0,0
3152,1252,0,2
3153,1251,0,1
3154,1251,0,0
3155,1251,0,0
3156,1251,0,0
3157,1251,0,0
3158,1251,3,0
3159,1251,0,0
3160,1251,1,0
3161,1251,0,0
3162,1248,0,3
3163,1243,0,5
3164,1243,0,0
3165,1242,0,1
3166,1242,0,0
3167,1242,0,0
3168,1242,1,0
3169,1242,5,0
3170,1242,0,0
3171,1242,0,0
3172,1242,0,0
3173,1242,0,0
3174,1242,0,0
3175,1242,0,0
3176,1242,0,0
3177,1242,0,0
3178,1242,0,0
3179,1242,0,0
3180,1242,2,0
3181,1242,0,0
3182,1242,5,0
3183,1242,1,0
3184,1237,0,5
3185,1232,0,5
3186,1232,0,0
3187,1230,1,2
3188,1230,0,0
3189,1230,0,0
3190,1230,3,0
3191,1230,0,0
3192,1230,0,0
3193,1230,0,0
3194,1230,0,0
3195,1230,0,0
3196,1230,0,0
3197,1230,0,0
3198,1227,0,3
3199,1226,0,1
3200,1226,0,0
3201,1226,5,0
3202,1224,0,2
3203,1224,0,0
3204,1224,9,0
3205,1224,5,0
3206,1224,0,0
3207,1219,0,5
3208,1219,0,0
3209,1214,3,5
3210,1214,0,0
3211,1214,1,0
3212,1214,0,0
3213,1214,0,0
3214,1214,2,0
3215,1214,10,0
3216,1213,0,1
3217,1213,0,0
3218,1213,0,0
3219,1213,0,0
3220,1208,0,5
3221,1208,0,0
3222,1208,0,0
3223,1208,0,0
3224,1208,0,0
3225,1208,0,0
3226,1208,1,0
3227,1208,0,0
3228,1208,0,0
3229,1208,0,0
3230,1208,0,0
3231,1208,0,0
3232,1203,0,5
3233,1203,0,0
3234,1203,5,0
3235,1203,0,0
3236,1203,1,0
3237,1203,3,0
3238,1203,1,0
3239,1203,0,0
3240,1203,0,0
3241,1203,0,0
3242,1203,5,0
3243,1203,0,0
3244,1201,0,2
3245,1198,0,3
3246,1198,0,0
3247,1198,0,0
3248,1194,0,4
3249,1193,3,1
3250,1193,0,0
3251,1193,0,0
3252,1183,0,10
3253,1183,0,0
3254,1183,2,0
3255,1183,0,0
3256,1183,0,0
3257,1183,7,0
3258,1183,0,0
3259,1183,2,0
3260,1183,3,0
3261,1183,0,0
3262,1183,0,0
3263,1183,0,0
3264,1183,7,0
3265,1183,0,0
3266,1179,4,4
3267,1179,0,0
3268,1177,0,2
3269,1177,1,0
3270,1177,0,0
3271,1177,0,0
3272,1177,0,0
3273,1177,1,0
3274,1177,0,0
3275,1177,0,0
3276,1177,0,0
3277,1174,0,3
3278,1174,4,0
3279,1174,0,0
3280,1174,0,0
3281,1174,0,0
3282,1174,0,0
3283,1174,3,0
3284,1174,9,0
3285,1168,0,6
3286,1168,3,0
3287,1163,0,5
3288,1163,0,0
3289,1163,0,0
3290,1163,0,0
3291,1163,0,0
3292,1163,0,0
3293,1162,0,1
3294,1162,2,0
3295,1162,0,0
3296,1159,0,3
3297,1159,0,0
3298,1159,2,0
3299,1149,0,10
3300,1146,0,3
3301,1146,0,0
3302,1146,5,0
3303,1146,0,0
3304,1146,0,0
3305,1146,0,0
3306,1146,0,0
3307,1146,0,0
3308,1146,0,0
3309,1146,0,0
3310,1146,0,0
3311,1146,0,0
3312,1146,0,0
3313,1146,0,0
3314,1145,0,1
3315,1144,0,1
3316,1144,0,0
3317,1144,0,0
3318,1144,0,0
3319,1142,0,2
3320,1142,0,0
3321,1142,0,0
3322,1142,0,0
3323,1135,0,7
3324,1134,0,1
3325,1134,0,0
3326,1132,0,2
3327,1131,0,1
3328,1131,2,0
3329,1126,0,5
3330,1126,0,0
3331,1126,0,0
3332,1126,0,0
3333,1126,1,0
3334,1123,0,3
3335,1123,5,0
3336,1123,3,0
3337,1121,0,2
3338,1121,0,0
3339,1121,4,0
3340,1121,0,0
3341,1121,3,0
3342,1121,0,0
3343,1121,0,0
3344,1121,0,0
3345,1121,0,0
3346,1121,0,0
3347,1117,0,4
3348,1117,0,0
3349,1117,0,0
3350,1116,5,1
3351,1116,0,0
3352,1116,0,0
3353,1116,0,0
3354,1116,0,0
3355,1116,0,0
3356,1116,5,0
3357,1114,0,2
3358,1114,8,0
3359,1114,0,0
3360,1110,0,4
3361,1105,0,5
3362,1102,0,3
3363,1101,0,1
3364,1101,0,0
3365,1096,0,5
3366,1096,0,0
3367,1094,0,2
3368,1094,1,0
3369,1094,3,0
3370,1094,0,0
3371,1089,3,5
3372,1089,0,0
3373,1089,0,0
3374,1084,0,5
3375,1084,0,0
3376,1084,0,0
3377,1084,4,0
3378,1081,0,3
3379,1081,0,0
3380,1076,5,5
3381,1076,0,0
3382,1076,0,0
3383,1076,0,0
3384,1071,0,5
3385,1071,0,0
3386,1071,0,0
3387,1071,0,0
3388,1071,0,0
3389,1071,0,0
3390,1071,0,0
3391,1067,0,4
3392,1067,0,0
3393,1067,0,0
3394,1067,0,0
3395,1067,0,0
3396,1065,0,2
3397,1060,0,5
3398,1057,2,3
3399,1052,0,5
3400,1052,0,0
3401,1052,0,0
3402,1047,5,5
3403,1047,0,0
3404,1047,0,0
3405,1047,0,0
3406,1047,0,0
3407,1042,2,5
3408,1042,4,0
3409,1042,5,0
3410,1042,0,0
3411,1042,0,0
3412,1042,5,0
3413,1042,0,0
3414,1040,0,2
3415,1040,0,0
3416,1040,0,0
3417,1040,8,0
3418,1040,4,0
3419,1040,0,0
3420,1040,0,0
3421,1040,0,0
3422,1040,0,0
3423,1040,0,0
3424,1040,0,0
3425,1040,0,0
3426,1040,0,0
3427,1040,0,0
3428,1040,2,0
3429,1040,0,0
3430,1040,0,0
3431,1040,0,0
3432,1040,0,0
3433,1040,0,0
3434,1040,0,0
3435,1036,0,4
3436,1036,0,0
3437,1036,0,0
3438,1036,0,0
3439,1036,0,0
3440,1036,3,0
3441,1036,0,0
3442,1036,0,0
3443,1036,1,0
3444,1036,0,0
3445,1036,0,0
3446,1036,0,0
3447,1036,0,0
3448,1034,0,2
3449,1034,0,0
3450,1034,0,0
3451,1034,0,0
3452,1034,0,0
3453,1034,0,0
3454,1034,0,0
3455,1034,0,0
3456,1034,0,0
3457,1029,0,5
3458,1029,0,0
3459,1024,0,5
3460,1024,4,0
3461,1024,0,0
3462,1020,4,4
3463,1020,0,0
3464,1020,0,0
3465,1020,0,0
3466,1018,0,2
3467,1014,0,4
3468,1014,5,0
3469,1014,0,0
3470,1005,0,9
3471,1005,0,0
3472,1005,0,0
3473,1003,0,2
3474,998,0,5
3475,998,0,0
3476,998,3,0
3477,995,0,3
3478,992,0,3
3479,992,4,0
3480,992,0,0
3481,992,0,0
3482,992,0,0
3483,992,0,0
3484,992,0,0
3485,992,0,0
3486,992,0,0
3487,992,0,0
3488,992,0,0
3489,992,0,0
3490,992,0,0
3491,992,0,0
3492,992,2,0
3493,990,0,2
3494,990,0,0
3495,990,0,0
3496,987,0,3
3497,987,0,0
3498,987,3,0
3499,987,0,0
3500,987,5,0
3501,986,0,1
3502,986,0,0
3503,986,0,0
3504,986,0,0
3505,986,4,0
3506,986,0,0
3507,986,5,0
3508,986,0,0
3509,986,0,0
3510,986,2,0
3511,986,0,0
3512,981,0,5
3513,981,0,0
3514,981,0,0
3515,981,0,0
3516,981,0,0
3517,981,0,0
3518,981,0,0
3519,981,0,0
3520,978,0,3
3521,978,0,0
3522,978,0,0
3523,978,1,0
3524,978,0,0
3525,978,0,0
3526,978,0,0
3527,978,0,0
3528,978,0,0
3529,978,0,0
3530,973,0,5
3531,973,0,0
3532,973,3,0
3533,973,0,0
3534,973,0,0
3535,973,0,0
3536,969,0,4
3537,962,0,7
3538,962,6,0
3539,962,0,0
3540,959,0,3
3541,959,0,0
3542,956,0,3
3543,956,0,0
3544,956,0,0
3545,956,0,0
3546,952,1,4
3547,952,0,0
3548,952,0,0
3549,952,4,0
3550,952,0,0
3551,952,0,0
3552,952,3,0
3553,952,0,0
3554,952,0,0
3555,952,0,0
3556,952,0,0
3557,952,0,0
3558,952,5,0
3559,952,0,0
3560,952,0,0
3561,952,0,0
3562,952,0,0
3563,952,0,0
3564,952,0,0
3565,952,0,0
3566,952,0,0
3567,952,0,0
3568,952,0,0
3569,952,0,0
3570,951,3,1
3571,951,0,0
3572,951,0,0
3573,949,0,2
3574,949,3,0
3575,949,0,0
3576,949,0,0
3577,941,0,8
3578,941,0,0
3579,941,0,0
3580,941,5,0
3581,941,0,0
3582,941,0,0
3583,941,0,0
3584,941,2,0
3585,941,0,0
3586,941,0,0
3587,941,0,0
3588,936,0,5
3589,936,0,0
3590,936,0,0
3591,936,0,0
3592,936,0,0
3593,936,0,0
3594,936,0,0
3595,936,0,0
3596,936,0,0
3597,933,0,3
3598,933,0,0
3599,933,0,0
3600,933,3,0
3601,933,0,0
3602,933,0,0
3603,933,0,0
3604,931,0,2
3605,931,0,0
3606,931,0,0
3607,931,0,0
3608,930,0,1
3609,929,2,1
3610,929,0,0
3611,929,3,0
3612,929,0,0
3613,929,0,0
3614,928,0,1
3615,923,0,5
3616,923,0,0
3617,923,0,0
3618,923,0,0
3619,923,0,0
3620,918,0,5
3621,918,0,0
3622,918,0,0
3623,915,0,3
3624,915,0,0
3625,915,0,0
3626,915,0,0
3627,915,0,0
3628,915,0,0
3629,915,0,0
3630,915,1,0
3631,915,0,0
3632,915,0,0
3633,915,0,0
3634,915,0,0
3635,915,4,0
3636,915,0,0
3637,909,0,6
3638,909,5,0
3639,909,0,0
3640,907,0,2
3641,905,0,2
3642,905,0,0
3643,905,0,0
3644,905,0,0
3645,905,0,0
3646,905,0,0
3647,905,0,0
3648,901,0,4
3649,901,0,0
3650,901,0,0
3651,901,0,0
3652,901,0,0
3653,901,0,0
3654,901,5,0
3655,901,0,0
3656,901,0,0
3657,901,0,0
3658,901,4,0
3659,901,0,0
3660,901,0,0
3661,901,0,0
3662,901,0,0
3663,901,0,0
3664,901,0,0
3665,901,1,0
3666,901,0,0
3667,901,0,0
3668,901,0,0
3669,901,5,0
3670,901,0,0
3671,901,0,0
3672,901,2,0
3673,901,0,0
3674,901,0,0
3675,901,0,0
3676,901,0,0
3677,901,0,0
3678,901,0,0
3679,901,0,0
3680,901,0,0
3681,901,0,0
3682,901,0,0
3683,901,1,0
3684,901,0,0
3685,901,0,0
3686,901,0,0
3687,901,0,0
3688,901,0,0
3689,896,0,5
3690,896,0,0
3691,896,0,0
3692,896,0,0
3693,896,0,0
3694,896,0,0
3695,896,2,0
3696,896,3,0
3697,896,0,0
3698,896,0,0
3699,896,0,0
3700,896,0,0
3701,896,2,0
3702,896,5,0
3703,896,0,0
3704,896,5,0
3705,896,6,0
3706,896,0,0
3707,896,0,0
3708,896,0,0
3709,896,2,0
3710,894,0,2
3711,894,0,0
3712,894,2,0
3713,894,0,0
3714,894,0,0
3715,894,2,0
3716,894,4,0
3717,894,0,0
3718,894,0,0
3719,894,0,0
3720,894,5,0
3721,894,0,0
3722,894,1,0
3723,894,0,0
3724,894,0,0
3725,892,0,2
3726,892,5,0
3727,889,0,3
3728,884,0,5
3729,884,0,0
3730,884,0,0
3731,883,0,1
3732,880,0,3
3733,880,0,0
3734,880,0,0
3735,880,4,0
3736,880,0,0
3737,880,0,0
3738,880,5,0
3739,880,0,0
3740,880,0,0
3741,878,4,2
3742,878,6,0
3743,878,0,0
3744,878,0,0
3745,878,0,0
3746,878,0,0
3747,878,0,0
3748,878,0,0
3749,878,4,0
3750,875,0,3
3751,875,0,0
3752,875,0,0
3753,875,0,0
3754,875,0,0
3755,875,0,0
3756,875,0,0
3757,870,3,5
3758,870,5,0
3759,870,0,0
3760,870,0,0
3761,870,0,0
3762,865,5,5
3763,865,0,0
3764,860,0,5
3765,860,0,0
3766,860,0,0
3767,860,0,0
3768,860,0,0
3769,855,6,5
3770,855,0,0
3771,855,0,0
3772,855,0,0
3773,855,0,0
3774,855,0,0
3775,855,0,0
3776,855,3,0
3777,855,1,0
3778,855,0,0
3779,855,1,0
3780,855,0,0
3781,855,0,0
3782,855,2,0
3783,851,0,4
3784,851,0,0
3785,850,0,1
3786,849,0,1
3787,849,0,0
3788,849,0,0
3789,845,0,4
3790,845,0,0
3791,845,1,0
3792,845,2,0
3793,845,0,0
3794,840,0,5
3795,840,3,0
3796,840,0,0
3797,840,0,0
3798,840,5,0
3799,840,0,0
3800,840,0,0
3801,840,0,0
3802,840,4,0
3803,840,5,0
3804,839,0,1
3805,839,0,0
3806,839,0,0
3807,839,0,0
3808,834,3,5
3809,834,0,0
3810,834,7,0
3811,834,0,0
3812,830,0,4
3813,821,0,9
3814,821,0,0
3815,821,0,0
3816,821,0,0
3817,821,0,0
3818,821,0,0
3819,821,0,0
3820,821,0,0
3821,821,0,0
3822,819,3,2
3823,819,2,0
3824,817,0,2
3825,817,3,0
3826,815,0,2
3827,815,0,0
3828,815,0,0
3829,815,12,0
3830,807,0,8
3831,807,0,0
3832,807,0,0
3833,803,1,4
3834,798,0,5
3835,793,0,5
3836,793,0,0
3837,793,0,0
3838,793,5,0
3839,793,1,0
3840,793,0,0
3841,793,0,0
3842,793,0,0
3843,793,0,0
3844,788,0,5
3845,788,0,0
3846,788,0,0
3847,788,0,0
3848,786,0,2
3849,786,0,0
3850,786,0,0
3851,786,5,0
3852,786,4,0
3853,782,3,4
3854,782,1,0
3855,782,0,0
3856,782,0,0
3857,778,0,4
3858,778,4,0
3859,778,0,0
3860,772,0,6
3861,772,0,0
3862,772,0,0
3863,767,0,5
3864,766,0,1
3865,758,4,8
3866,758,0,0
3867,758,0,0
3868,755,1,3
3869,755,0,0
3870,750,0,5
3871,750,5,0
3872,750,0,0
3873,748,1,2
3874,748,0,0
3875,748,0,0
3876,748,0,0
3877,748,0,0
3878,748,0,0
3879,747,0,1
3880,747,0,0
3881,747,0,0
3882,747,0,0
3883,747,5,0
3884,746,0,1
3885,746,0,0
3886,746,0,0
3887,746,0,0
3888,746,0,0
3889,746,0,0
3890,746,0,0
3891,746,0,0
3892,746,1,0
3893,746,0,0
3894,746,0,0
3895,746,6,0
3896,743,0,3
3897,743,4,0
3898,743,0,0
3899,743,0,0
3900,743,0,0
3901,743,0,0
3902,740,0,3
3903,735,0,5
3904,733,0,2
3905,732,0,1
3906,732,0,0
3907,728,0,4
3908,724,0,4
3909,724,0,0
3910,724,0,0
3911,724,0,0
3912,724,0,0
3913,719,0,5
3914,719,1,0
3915,719,0,0
3916,719,0,0
3917,719,0,0
3918,715,0,4
3919,715,0,0
3920,715,0,0
3921,715,0,0
3922,715,0,0
3923,715,0,0
3924,715,0,0
3925,715,0,0
3926,715,1,0
3927,715,0,0
3928,714,0,1
3929,714,5,0
3930,714,0,0
3931,714,0,0
3932,710,4,4
3933,709,0,1
3934,708,0,1
3935,703,0,5
3936,703,0,0
3937,702,0,1
3938,698,0,4
3939,698,3,0
3940,698,0,0
3941,698,0,0
3942,698,0,0
3943,698,0,0
3944,698,0,0
3945,698,0,0
3946,698,0,0
3947,697,5,1
3948,697,0,0
3949,697,0,0
3950,697,0,0
3951,694,0,3
3952,694,3,0
3953,692,0,2
3954,692,0,0
3955,691,0,1
3956,691,0,0
3957,691,0,0
3958,691,0,0
3959,691,0,0
3960,691,6,0
3961,691,0,0
3962,691,3,0
3963,691,2,0
3964,691,3,0
3965,686,2,5
3966,686,0,0
3967,682,0,4
3968,682,0,0
3969,682,0,0
3970,682,0,0
3971,679,0,3
3972,679,0,0
3973,679,0,0
3974,679,0,0
3975,679,0,0
3976,676,0,3
3977,676,0,0
3978,676,0,0
3979,676,0,0
3980,675,0,1
3981,675,0,0
3982,675,0,0
3983,674,0,1
3984,673,0,1
3985,673,0,0
3986,669,0,4
3987,669,2,0
3988,669,0,0
3989,669,0,0
3990,669,0,0
3991,669,0,0
3992,669,0,0
3993,669,0,0
3994,669,0,0
3995,669,0,0
3996,669,0,0
3997,669,0,0
3998,666,7,3
3999,666,4,0
4000,661,0,5
4001,661,0,0
4002,661,0,0
4003,661,5,0
4004,661,0,0
4005,661,0,0
4006,661,0,0
4007,661,0,0
4008,661,0,0
4009,658,0,3
4010,658,1,0
4011,658,0,0
4012,658,0,0
4013,655,4,3
4014,655,0,0
4015,655,0,0
4016,655,0,0
4017,655,0,0
4018,655,2,0
4019,655,0,0
4020,655,0,0
4021,651,0,4
4022,651,0,0
4023,648,0,3
4024,645,0,3
4025,645,0,0
4026,645,0,0
4027,645,0,0
4028,645,0,0
4029,645,0,0
4030,645,0,0
4031,645,0,0
4032,645,0,0
4033,645,0,0
4034,645,0,0
4035,645,0,0
4036,645,0,0
4037,645,0,0
4038,645,0,0
4039,645,0,0
4040,645,0,0
4041,645,0,0
4042,642,0,3
4043,642,0,0
4044,642,0,0
4045,642,0,0
4046,642,0,0
4047,642,0,0
4048,642,0,0
4049,642,0,0
4050,638,0,4
4051,636,0,2
4052,636,0,0
4053,636,0,0
4054,636,0,0
4055,636,0,0
4056,636,0,0
4057,636,0,0
4058,636,0,0
4059,634,0,2
4060,634,0,0
4061,634,0,0
4062,634,0,0
4063,633,0,1
4064,633,0,0
4065,633,0,0
4066,633,0,0
4067,633,0,0
4068,633,0,0
4069,628,0,5
4070,628,0,0
4071,628,0,0
4072,628,0,0
4073,628,0,0
4074,628,0,0
4075,628,0,0
4076,628,0,0
4077,628,0,0
4078,628,0,0
4079,628,0,0
4080,624,0,4
4081,624,0,0
4082,624,0,0
4083,624,0,0
4084,624,0,0
4085,624,0,0
4086,624,0,0
4087,624,0,0
4088,624,0,0
4089,624,0,0
4090,624,0,0
4091,624,0,0
4092,624,0,0
4093,624,0,0
4094,624,0,0
4095,624,0,0
4096,624,0,0
4097,624,0,0
4098,624,0,0
4099,624,0,0
4100,624,0,0
4101,624,0,0
4102,624,0,0
4103,624,0,0
4104,624,0,0
4105,624,0,0
4106,624,0,0
4107,624,0,0
4108,624,0,0
4109,624,0,0
4110,622,0,2
4111,622,0,0
4112,622,0,0
4113,622,0,0
4114,622,0,0
4115,622,0,0
4116,617,0,5
4117,617,0,0
4118,614,0,3
4119,614,0,0
4120,614,0,0
4121,614,0,0
4122,614,0,0
4123,614,0,0
4124,614,0,0
4125,614,0,0
4126,614,0,0
4127,614,0,0
4128,614,0,0
4129,614,0,0
4130,614,0,0
4131,612,0,2
4132,612,0,0
4133,612,0,0
4134,612,0,0
4135,610,0,2
4136,610,0,0
4137,610,0,0
4138,607,0,3
4139,607,0,0
4140,607,0,0
4141,607,0,0
4142,607,0,0
4143,607,0,0
4144,607,0,0
4145,604,0,3
4146,604,0,0
4147,604,0,0
4148,604,0,0
4149,604,0,0
4150,604,0,0
4151,600,0,4
4152,600,0,0
4153,600,0,0
4154,600,0,0
4155,600,0,0
4156,600,0,0
4157,600,0,0
4158,600,0,0
4159,600,0,0
4160,600,0,0
4161,600,0,0
4162,600,0,0
4163,600,0,0
4164,600,0,0
4165,600,0,0
4166,600,0,0
4167,600,0,0
4168,600,0,0
4169,600,0,0
4170,600,0,0
4171,600,0,0
4172,600,0,0
4173,600,0,0
4174,600,0,0
4175,597,0,3
4176,597,0,0
4177,597,0,0
4178,597,0,0
4179,597,0,0
4180,595,0,2
4181,595,0,0
4182,595,0,0
4183,595,0,0
4184,595,0,0
4185,595,0,0
4186,595,0,0
4187,595,0,0
4188,595,0,0
4189,595,0,0
4190,595,0,0
4191,595,0,0
4192,595,0,0
4193,595,0,0
4194,595,0,0
4195,595,0,0
4196,595,0,0
4197,595,0,0
4198,595,0,0
4199,595,0,0
4200,595,0,0
4201,590,0,5
